Type,Date,Part of a policing operation,Policing operation,Latitude,Longitude,Gender,Age range,Self-defined ethnicity,Officer-defined ethnicity,Legislation,Object of search,Outcome,Outcome linked to object of search,Removal of more than just outer clothing
Person search,2018-04-01T00:24:00+00:00,,,52.628499,-1.132174,Male,over 34,White - English/Welsh/Scottish/Northern Irish/British,White,Misuse of Drugs Act 1971 (section 23),Controlled drugs,A no further action disposal,,
Person search,2018-04-01T00:25:00+00:00,,,52.628499,-1.132174,Male,over 34,White - English/Welsh/Scottish/Northern Irish/British,White,Misuse of Drugs Act 1971 (section 23),Controlled drugs,A no further action disposal,,
Person search,2018-04-01T01:15:00+00:00,,,52.539083,-1.374416,Male,18-24,Mixed/Multiple ethnic groups - Any other Mixed/Multiple ethnic background,Other,Misuse of Drugs Act 1971 (section 23),Stolen goods,Community resolution,,
Person search,2018-04-01T01:15:00+00:00,,,52.539083,-1.374416,Male,18-24,White - English/Welsh/Scottish/Northern Irish/British,White,Misuse of Drugs Act 1971 (section 23),Stolen goods,A no further action disposal,,
Person search,2018-04-01T01:37:00+00:00,,,52.631758,-1.157834,Male,over 34,White - English/Welsh/Scottish/Northern Irish/British,White,Police and Criminal Evidence Act 1984 (section 1),Stolen goods,Arrest,,
Person search,2018-04-01T22:20:00+00:00,,,52.540244,-1.374812,Male,18-24,White - English/Welsh/Scottish/Northern Irish/British,White,Police and Criminal Evidence Act 1984 (section 1),Article for use in theft,A no further action disposal,,
Person search,2018-04-02T09:05:00+00:00,,,52.631611,-1.122612,Male,over 34,Black/African/Caribbean/Black British - African,Black,Police and Criminal Evidence Act 1984 (section 1),Offensive weapons,A no further action disposal,,
Person search,2018-04-02T18:00:00+00:00,,,52.607062,-1.095547,Male,over 34,White - English/Welsh/Scottish/Northern Irish/British,White,Misuse of Drugs Act 1971 (section 23),Controlled drugs,A no further action disposal,,
Person search,2018-04-02T18:00:00+00:00,,,52.607062,-1.095547,Male,18-24,White - English/Welsh/Scottish/Northern Irish/British,White,Misuse of Drugs Act 1971 (section 23),Controlled drugs,A no further action disposal,,
Person search,2018-04-03T14:00:00+00:00,,,52.630675,-1.129841,Female,over 34,White - English/Welsh/Scottish/Northern Irish/British,White,Misuse of Drugs Act 1971 (section 23),Controlled drugs,Arrest,,
Person search,2018-04-03T14:00:00+00:00,,,52.630675,-1.129841,Male,25-34,White - English/Welsh/Scottish/Northern Irish/British,White,Misuse of Drugs Act 1971 (section 23),Controlled drugs,Arrest,,
Person search,2018-04-03T18:20:00+00:00,,,52.769942,-1.192774,Male,18-24,White - English/Welsh/Scottish/Northern Irish/British,White,Misuse of Drugs Act 1971 (section 23),Controlled drugs,A no further action disposal,,
Person search,2018-04-03T18:20:00+00:00,,,52.769942,-1.192774,Male,18-24,White - English/Welsh/Scottish/Northern Irish/British,White,Misuse of Drugs Act 1971 (section 23),Controlled drugs,A no further action disposal,,
Person search,2018-04-03T18:20:00+00:00,,,52.769942,-1.192774,Male,10-17,White - English/Welsh/Scottish/Northern Irish/British,White,Misuse of Drugs Act 1971 (section 23),Controlled drugs,A no further action disposal,,
Person search,2018-04-04T12:30:00+00:00,,,52.778962,-1.231153,Male,10-17,White - English/Welsh/Scottish/Northern Irish/British,White,Police and Criminal Evidence Act 1984 (section 1),Offensive weapons,A no further action disposal,,
Person search,2018-04-04T12:45:00+00:00,,,52.777524,-1.232616,Male,10-17,White - English/Welsh/Scottish/Northern Irish/British,White,Police and Criminal Evidence Act 1984 (section 1),Offensive weapons,A no further action disposal,,
Person search,2018-04-04T19:45:00+00:00,,,52.758665,-1.513914,Male,18-24,White - English/Welsh/Scottish/Northern Irish/British,White,Police and Criminal Evidence Act 1984 (section 1),Stolen goods,Arrest,,
Person search,2018-04-04T19:50:00+00:00,,,52.758665,-1.513914,Male,18-24,White - English/Welsh/Scottish/Northern Irish/British,White,Police and Criminal Evidence Act 1984 (section 1),Stolen goods,Arrest,,
Person search,2018-04-04T20:40:00+00:00,,,54.055278,-3.212251,Male,,White - English/Welsh/Scottish/Northern Irish/British,White,Police and Criminal Evidence Act 1984 (section 1),Offensive weapons,A no further action disposal,,
Person search,2018-04-05T00:00:00+00:00,,,52.627034,-1.188181,Male,over 34,White - Any other White background,White,Misuse of Drugs Act 1971 (section 23),Controlled drugs,A no further action disposal,,
Person search,2018-04-05T13:00:00+00:00,,,52.639880,-1.118841,Male,over 34,Black/African/Caribbean/Black British - African,White,Police and Criminal Evidence Act 1984 (section 1),Article for use in theft,A no further action disposal,,
Person search,2018-04-05T13:20:00+00:00,,,52.639880,-1.118841,Male,18-24,Black/African/Caribbean/Black British - African,Black,Misuse of Drugs Act 1971 (section 23),Controlled drugs,Summons / charged by post,,
Person search,2018-04-05T19:00:00+00:00,,,52.625383,-1.107299,Male,over 34,Other ethnic group - Not stated,Asian,Police and Criminal Evidence Act 1984 (section 1),Stolen goods,A no further action disposal,,
Person search,2018-04-05T19:00:00+00:00,,,52.626439,-1.111429,Male,18-24,Other ethnic group - Not stated,Black,Misuse of Drugs Act 1971 (section 23),Controlled drugs,A no further action disposal,,
Person search,2018-04-05T19:15:00+00:00,,,52.760318,-1.206808,Male,25-34,White - English/Welsh/Scottish/Northern Irish/British,White,Misuse of Drugs Act 1971 (section 23),Controlled drugs,Arrest,,
Person search,2018-04-06T12:05:00+00:00,,,52.643945,-1.095112,Male,10-17,Other ethnic group - Not stated,Asian,Police and Criminal Evidence Act 1984 (section 1),Offensive weapons,A no further action disposal,,
Person search,2018-04-06T14:30:00+00:00,,,52.623364,-1.107857,Other,,Other ethnic group - Any other ethnic group,Other,Police and Criminal Evidence Act 1984 (section 1),Controlled drugs,A no further action disposal,,
Person search,2018-04-06T14:35:00+00:00,,,52.785632,-1.236699,Male,18-24,White - English/Welsh/Scottish/Northern Irish/British,White,Misuse of Drugs Act 1971 (section 23),Controlled drugs,A no further action disposal,,
Person search,2018-04-06T17:45:00+00:00,,,52.638745,-1.113691,Male,18-24,Other ethnic group - Not stated,Asian,Misuse of Drugs Act 1971 (section 23),Controlled drugs,A no further action disposal,,
Person search,2018-04-06T20:30:00+00:00,,,52.659605,-1.085711,Male,18-24,Asian/Asian British - Indian,Asian,Misuse of Drugs Act 1971 (section 23),Controlled drugs,Community resolution,,
Person search,2018-04-06T20:40:00+00:00,,,52.641197,-1.129100,Male,10-17,Black/African/Caribbean/Black British - Caribbean,Black,Police and Criminal Evidence Act 1984 (section 1),Offensive weapons,Arrest,,
Person search,2018-04-06T23:02:00+00:00,,,52.759636,-1.298354,Female,over 34,White - English/Welsh/Scottish/Northern Irish/British,White,Police and Criminal Evidence Act 1984 (section 1),Offensive weapons,A no further action disposal,,
Person search,2018-04-07T09:30:00+00:00,,,52.684555,-1.132780,Male,,Asian/Asian British - Any other Asian background,Asian,Police and Criminal Evidence Act 1984 (section 1),Offensive weapons,A no further action disposal,,
Person search,2018-04-07T18:20:00+00:00,,,52.636250,-1.133691,Female,10-17,White - English/Welsh/Scottish/Northern Irish/British,White,Police and Criminal Evidence Act 1984 (section 1),Offensive weapons,A no further action disposal,,
Person search,2018-04-07T18:35:00+00:00,,,52.636250,-1.133691,Male,25-34,White - English/Welsh/Scottish/Northern Irish/British,White,Police and Criminal Evidence Act 1984 (section 1),Offensive weapons,A no further action disposal,,
Person search,2018-04-08T00:01:00+00:00,,,52.638432,-1.129717,Male,25-34,White - English/Welsh/Scottish/Northern Irish/British,White,Police and Criminal Evidence Act 1984 (section 1),Article for use in theft,Arrest,,
Person search,2018-04-08T14:04:00+00:00,,,52.750698,-1.368294,Male,25-34,White - English/Welsh/Scottish/Northern Irish/British,White,Misuse of Drugs Act 1971 (section 23),Controlled drugs,A no further action disposal,,
Person search,2018-04-08T14:04:00+00:00,,,52.750698,-1.368294,Male,25-34,White - English/Welsh/Scottish/Northern Irish/British,White,Misuse of Drugs Act 1971 (section 23),Controlled drugs,A no further action disposal,,
Person search,2018-04-08T15:35:00+00:00,,,52.649512,-1.097732,Female,10-17,Other ethnic group - Not stated,White,Police and Criminal Evidence Act 1984 (section 1),Offensive weapons,A no further action disposal,,
Person search,2018-04-08T16:05:00+00:00,,,52.635098,-1.178915,Male,10-17,White - English/Welsh/Scottish/Northern Irish/British,White,Police and Criminal Evidence Act 1984 (section 1),Articles for use in criminal damage,A no further action disposal,,
Person search,2018-04-08T16:05:00+00:00,,,52.635098,-1.178915,Male,10-17,White - English/Welsh/Scottish/Northern Irish/British,White,Police and Criminal Evidence Act 1984 (section 1),Articles for use in criminal damage,A no further action disposal,,
Person search,2018-04-08T17:14:00+00:00,,,52.764882,-1.240708,Male,10-17,White - English/Welsh/Scottish/Northern Irish/British,White,Police and Criminal Evidence Act 1984 (section 1),Firearms,Arrest,,
Person search,2018-04-09T13:20:00+00:00,,,52.647281,-1.162443,Male,over 34,White - Any other White background,White,Police and Criminal Evidence Act 1984 (section 1),Evidence of offences under the Act,A no further action disposal,,
Person search,2018-04-09T15:50:00+00:00,,,52.643301,-1.169229,Male,25-34,Mixed/Multiple ethnic groups - White and Black Caribbean,Other,Firearms Act 1968 (section 47),Firearms,Khat or Cannabis warning,,
Person search,2018-04-09T20:00:00+00:00,,,52.652923,-1.141847,Male,over 34,Other ethnic group - Not stated,Asian,Police and Criminal Evidence Act 1984 (section 1),Stolen goods,Arrest,,
Person search,2018-04-09T20:00:00+00:00,,,52.652923,-1.141847,Male,25-34,Other ethnic group - Not stated,Asian,Police and Criminal Evidence Act 1984 (section 1),Stolen goods,A no further action disposal,,
Person search,2018-04-09T20:15:00+00:00,,,52.740264,-1.367126,Female,18-24,White - English/Welsh/Scottish/Northern Irish/British,White,Misuse of Drugs Act 1971 (section 23),Controlled drugs,A no further action disposal,,
Person search,2018-04-09T22:04:00+00:00,,,52.646030,-1.171276,Male,18-24,White - English/Welsh/Scottish/Northern Irish/British,White,Police and Criminal Evidence Act 1984 (section 1),Offensive weapons,A no further action disposal,,
Person search,2018-04-10T01:35:00+00:00,,,52.772219,-1.209289,Male,over 34,White - English/Welsh/Scottish/Northern Irish/British,White,Police and Criminal Evidence Act 1984 (section 1),Article for use in theft,A no further action disposal,,
Person search,2018-04-10T17:00:00+00:00,,,52.639768,-1.131597,Male,over 34,White - English/Welsh/Scottish/Northern Irish/British,White,Misuse of Drugs Act 1971 (section 23),Stolen goods,A no further action disposal,,
Person search,2018-04-10T17:05:00+00:00,,,52.639768,-1.131597,Male,over 34,White - English/Welsh/Scottish/Northern Irish/British,White,Misuse of Drugs Act 1971 (section 23),Controlled drugs,A no further action disposal,,
Person search,2018-04-10T18:27:00+00:00,,,52.631712,-1.127885,Male,18-24,Asian/Asian British - Any other Asian background,Asian,Misuse of Drugs Act 1971 (section 23),Controlled drugs,Arrest,,
Person search,2018-04-10T18:35:00+00:00,,,52.631712,-1.127885,Male,25-34,Asian/Asian British - Any other Asian background,Asian,Misuse of Drugs Act 1971 (section 23),Controlled drugs,A no further action disposal,,
Person search,2018-04-10T20:25:00+00:00,,,52.668852,-1.152980,Male,10-17,White - Any other White background,White,Misuse of Drugs Act 1971 (section 23),Controlled drugs,Arrest,,
Person search,2018-04-10T23:00:00+00:00,,,52.575042,-1.303429,Male,18-24,White - English/Welsh/Scottish/Northern Irish/British,White,Misuse of Drugs Act 1971 (section 23),Controlled drugs,A no further action disposal,,
Person search,2018-04-10T23:00:00+00:00,,,52.575042,-1.303429,Male,18-24,White - English/Welsh/Scottish/Northern Irish/British,White,Misuse of Drugs Act 1971 (section 23),Controlled drugs,Arrest,,
Person search,2018-04-11T15:20:00+00:00,,,52.655154,-1.123679,Male,25-34,Black/African/Caribbean/Black British - Caribbean,Black,Misuse of Drugs Act 1971 (section 23),Controlled drugs,A no further action disposal,,
Person search,2018-04-11T16:30:00+00:00,,,52.638575,-1.112557,Male,18-24,Other ethnic group - Not stated,Asian,Misuse of Drugs Act 1971 (section 23),Controlled drugs,A no further action disposal,,
Person search,2018-04-12T01:15:00+00:00,,,52.636104,-1.117572,Male,25-34,Black/African/Caribbean/Black British - African,Black,Misuse of Drugs Act 1971 (section 23),Controlled drugs,A no further action disposal,,
Person search,2018-04-12T15:15:00+00:00,,,52.633018,-1.113674,Male,18-24,Other ethnic group - Not stated,Asian,Misuse of Drugs Act 1971 (section 23),Controlled drugs,Arrest,,
Person search,2018-04-12T15:15:00+00:00,,,52.633018,-1.113674,Female,25-34,Asian/Asian British - Indian,Asian,Misuse of Drugs Act 1971 (section 23),Controlled drugs,Arrest,,
Person search,2018-04-12T16:20:00+00:00,,,52.645734,-1.201433,Male,18-24,White - English/Welsh/Scottish/Northern Irish/British,White,Police and Criminal Evidence Act 1984 (section 1),Offensive weapons,A no further action disposal,,
Person search,2018-04-12T19:00:00+00:00,,,52.635200,-1.110808,Male,18-24,Other ethnic group - Not stated,Asian,Misuse of Drugs Act 1971 (section 23),Controlled drugs,A no further action disposal,,
Person search,2018-04-12T21:10:00+00:00,,,52.584801,-1.141229,Male,18-24,White - English/Welsh/Scottish/Northern Irish/British,White,Police and Criminal Evidence Act 1984 (section 1),Stolen goods,A no further action disposal,,
Person search,2018-04-12T21:10:00+00:00,,,52.584801,-1.141229,Male,18-24,White - English/Welsh/Scottish/Northern Irish/British,White,Police and Criminal Evidence Act 1984 (section 1),Stolen goods,A no further action disposal,,
Person search,2018-04-12T21:10:00+00:00,,,52.580958,-1.143164,Male,18-24,White - English/Welsh/Scottish/Northern Irish/British,White,Police and Criminal Evidence Act 1984 (section 1),Stolen goods,A no further action disposal,,
Person search,2018-04-13T08:55:00+00:00,,,52.770082,-1.204259,Female,over 34,White - English/Welsh/Scottish/Northern Irish/British,White,Police and Criminal Evidence Act 1984 (section 1),Offensive weapons,Arrest,,
Person search,2018-04-13T13:30:00+00:00,,,52.663302,-1.103614,Male,10-17,White - English/Welsh/Scottish/Northern Irish/British,White,Misuse of Drugs Act 1971 (section 23),Controlled drugs,A no further action disposal,,
Person search,2018-04-13T15:50:00+00:00,,,52.770936,-1.202820,Male,18-24,White - English/Welsh/Scottish/Northern Irish/British,White,Misuse of Drugs Act 1971 (section 23),Controlled drugs,A no further action disposal,,
Person search,2018-04-13T23:34:00+00:00,,,52.630562,-1.153971,Male,18-24,White - English/Welsh/Scottish/Northern Irish/British,White,Police and Criminal Evidence Act 1984 (section 1),Stolen goods,A no further action disposal,,
Person search,2018-04-14T11:20:00+00:00,,,52.582838,-1.110333,Male,25-34,White - English/Welsh/Scottish/Northern Irish/British,White,Police and Criminal Evidence Act 1984 (section 1),Stolen goods,A no further action disposal,,
Person search,2018-04-14T11:35:00+00:00,,,52.582838,-1.110333,Male,18-24,White - Any other White background,White,Police and Criminal Evidence Act 1984 (section 1),Stolen goods,A no further action disposal,,
Person search,2018-04-15T03:09:00+00:00,,,52.744931,-1.516437,Male,25-34,White - English/Welsh/Scottish/Northern Irish/British,White,Misuse of Drugs Act 1971 (section 23),Controlled drugs,Arrest,,
Person search,2018-04-15T13:55:00+00:00,,,52.638745,-1.113691,Male,10-17,Asian/Asian British - Any other Asian background,Asian,Misuse of Drugs Act 1971 (section 23),Controlled drugs,A no further action disposal,,
Person search,2018-04-15T13:55:00+00:00,,,52.638745,-1.113691,Male,10-17,Asian/Asian British - Indian,Asian,Police and Criminal Evidence Act 1984 (section 1),Controlled drugs,A no further action disposal,,
Person search,2018-04-15T13:55:00+00:00,,,52.638745,-1.113691,Male,10-17,Asian/Asian British - Indian,Asian,Police and Criminal Evidence Act 1984 (section 1),Controlled drugs,A no further action disposal,,
Person search,2018-04-15T13:55:00+00:00,,,52.638745,-1.113691,Male,10-17,Asian/Asian British - Indian,Asian,Misuse of Drugs Act 1971 (section 23),Controlled drugs,A no further action disposal,,
Person search,2018-04-15T17:45:00+00:00,,,52.626100,-1.115350,Male,10-17,White - English/Welsh/Scottish/Northern Irish/British,White,Police and Criminal Evidence Act 1984 (section 1),Offensive weapons,Arrest,,
Person search,2018-04-16T08:50:00+00:00,,,52.635332,-1.158445,Male,25-34,Mixed/Multiple ethnic groups - White and Black Caribbean,Other,Misuse of Drugs Act 1971 (section 23),Controlled drugs,A no further action disposal,,
Person search,2018-04-16T09:50:00+00:00,,,52.631238,-1.119635,Male,over 34,Black/African/Caribbean/Black British - Caribbean,Black,Misuse of Drugs Act 1971 (section 23),Controlled drugs,A no further action disposal,,
Person search,2018-04-16T12:20:00+00:00,,,52.774424,-1.238437,Male,18-24,White - English/Welsh/Scottish/Northern Irish/British,White,Misuse of Drugs Act 1971 (section 23),Stolen goods,Arrest,,
Person search,2018-04-16T13:55:00+00:00,,,52.628613,-1.118388,Male,,White - English/Welsh/Scottish/Northern Irish/British,White,Police and Criminal Evidence Act 1984 (section 1),Article for use in theft,Arrest,,
Person search,2018-04-16T17:40:00+00:00,,,52.626100,-1.115350,Male,25-34,White - English/Welsh/Scottish/Northern Irish/British,White,Police and Criminal Evidence Act 1984 (section 1),Offensive weapons,Arrest,,
Person search,2018-04-17T12:00:00+00:00,,,52.635434,-1.126658,Male,18-24,White - English/Welsh/Scottish/Northern Irish/British,White,Misuse of Drugs Act 1971 (section 23),Controlled drugs,A no further action disposal,,
Person search,2018-04-17T12:05:00+00:00,,,52.618363,-1.175668,Male,25-34,White - English/Welsh/Scottish/Northern Irish/British,White,Police and Criminal Evidence Act 1984 (section 1),Stolen goods,Arrest,,
Person search,2018-04-17T15:30:00+00:00,,,52.633192,-1.117719,Male,,White - English/Welsh/Scottish/Northern Irish/British,White,Misuse of Drugs Act 1971 (section 23),Controlled drugs,A no further action disposal,,
Person search,2018-04-17T17:30:00+00:00,,,52.649457,-1.205637,Female,18-24,White - English/Welsh/Scottish/Northern Irish/British,White,Misuse of Drugs Act 1971 (section 23),Controlled drugs,Community resolution,,
Person search,2018-04-17T17:30:00+00:00,,,52.649457,-1.205637,Male,18-24,Black/African/Caribbean/Black British - Any other Black/African/Caribbean background,White,Misuse of Drugs Act 1971 (section 23),Controlled drugs,A no further action disposal,,
Person search,2018-04-17T17:30:00+00:00,,,52.649457,-1.205637,Male,10-17,Black/African/Caribbean/Black British - Any other Black/African/Caribbean background,White,Misuse of Drugs Act 1971 (section 23),Controlled drugs,A no further action disposal,,
Person search,2018-04-17T18:19:00+00:00,,,52.637515,-1.092496,Male,25-34,Asian/Asian British - Indian,Asian,Police and Criminal Evidence Act 1984 (section 1),Stolen goods,A no further action disposal,,
Person search,2018-04-17T18:35:00+00:00,,,52.644955,-1.081538,Other,,Other ethnic group - Any other ethnic group,Other,Misuse of Drugs Act 1971 (section 23),Controlled drugs,Arrest,,
Person search,2018-04-17T18:40:00+00:00,,,52.644955,-1.081538,Male,25-34,Asian/Asian British - Indian,Asian,Misuse of Drugs Act 1971 (section 23),Controlled drugs,Arrest,,
Person search,2018-04-17T18:50:00+00:00,,,52.641992,-1.132085,Male,,Other ethnic group - Not stated,Black,Police and Criminal Evidence Act 1984 (section 1),Stolen goods,A no further action disposal,,
Person search,2018-04-17T21:40:00+00:00,,,52.638770,-1.121893,Male,10-17,White - English/Welsh/Scottish/Northern Irish/British,White,Police and Criminal Evidence Act 1984 (section 1),Offensive weapons,A no further action disposal,,
Person search,2018-04-18T09:55:00+00:00,,,52.770012,-1.203193,Female,25-34,White - English/Welsh/Scottish/Northern Irish/British,White,Police and Criminal Evidence Act 1984 (section 1),Stolen goods,A no further action disposal,,
Person search,2018-04-18T14:25:00+00:00,,,52.637712,-1.130751,Male,over 34,White - English/Welsh/Scottish/Northern Irish/British,White,Police and Criminal Evidence Act 1984 (section 1),Offensive weapons,Arrest,,
Person search,2018-04-18T15:10:00+00:00,,,52.655351,-1.113918,Male,18-24,Asian/Asian British - Indian,Asian,Police and Criminal Evidence Act 1984 (section 1),Stolen goods,A no further action disposal,,
Person search,2018-04-19T09:35:00+00:00,,,52.629909,-1.132073,Male,over 34,Black/African/Caribbean/Black British - African,Black,Police and Criminal Evidence Act 1984 (section 1),Offensive weapons,Arrest,,
Person search,2018-04-19T12:20:00+00:00,,,52.774971,-1.218860,Male,25-34,Black/African/Caribbean/Black British - African,Black,Misuse of Drugs Act 1971 (section 23),Controlled drugs,Arrest,,
Person search,2018-04-19T20:40:00+00:00,,,52.599816,-1.180859,Female,25-34,Mixed/Multiple ethnic groups - White and Asian,Asian,Police and Criminal Evidence Act 1984 (section 1),Article for use in theft,A no further action disposal,,
Person search,2018-04-20T02:30:00+00:00,,,52.666291,-1.146879,Male,10-17,White - English/Welsh/Scottish/Northern Irish/British,White,Misuse of Drugs Act 1971 (section 23),Controlled drugs,Caution (simple or conditional),,
Person search,2018-04-20T14:23:00+00:00,,,52.635434,-1.126658,Male,18-24,Black/African/Caribbean/Black British - African,Black,Misuse of Drugs Act 1971 (section 23),Controlled drugs,Arrest,,
Person search,2018-04-20T14:30:00+00:00,,,52.634279,-1.130922,Male,25-34,Black/African/Caribbean/Black British - African,Black,Misuse of Drugs Act 1971 (section 23),Controlled drugs,Arrest,,
Person search,2018-04-20T23:30:00+00:00,,,52.639721,-1.128878,Female,over 34,White - English/Welsh/Scottish/Northern Irish/British,White,Police and Criminal Evidence Act 1984 (section 1),Controlled drugs,A no further action disposal,,
Person search,2018-04-20T23:35:00+00:00,,,52.773799,-1.206207,Male,over 34,White - English/Welsh/Scottish/Northern Irish/British,White,Misuse of Drugs Act 1971 (section 23),Controlled drugs,A no further action disposal,,
Person search,2018-04-20T23:35:00+00:00,,,52.773799,-1.206207,Male,18-24,Black/African/Caribbean/Black British - Caribbean,Black,Misuse of Drugs Act 1971 (section 23),Controlled drugs,Community resolution,,
Person search,2018-04-21T01:00:00+00:00,,,52.637600,-1.135171,Male,18-24,White - English/Welsh/Scottish/Northern Irish/British,White,Police and Criminal Evidence Act 1984 (section 1),Offensive weapons,A no further action disposal,,
Person search,2018-04-21T01:25:00+00:00,,,52.639667,-1.130136,Male,18-24,Other ethnic group - Not stated,Black,Misuse of Drugs Act 1971 (section 23),Controlled drugs,A no further action disposal,,
Person search,2018-04-21T01:47:00+00:00,,,52.637600,-1.135171,Male,,White - English/Welsh/Scottish/Northern Irish/British,White,Police and Criminal Evidence Act 1984 (section 1),Offensive weapons,A no further action disposal,,
Person search,2018-04-21T13:02:00+00:00,,,52.607637,-1.188599,Female,25-34,White - English/Welsh/Scottish/Northern Irish/British,White,Misuse of Drugs Act 1971 (section 23),Controlled drugs,A no further action disposal,,
Person search,2018-04-21T13:39:00+00:00,,,52.546848,-1.374143,Male,25-34,White - English/Welsh/Scottish/Northern Irish/British,White,Misuse of Drugs Act 1971 (section 23),Controlled drugs,Arrest,,
Person search,2018-04-21T17:13:00+00:00,,,52.764227,-1.203773,Male,25-34,White - English/Welsh/Scottish/Northern Irish/British,White,Police and Criminal Evidence Act 1984 (section 1),Stolen goods,A no further action disposal,,
Person search,2018-04-21T21:30:00+00:00,,,52.598652,-1.137090,Male,10-17,Black/African/Caribbean/Black British - African,Black,Police and Criminal Evidence Act 1984 (section 1),Offensive weapons,A no further action disposal,,
Person search,2018-04-22T04:00:00+00:00,,,52.599816,-1.180859,Male,25-34,Black/African/Caribbean/Black British - African,White,Misuse of Drugs Act 1971 (section 23),Controlled drugs,Arrest,,
Person search,2018-04-22T18:30:00+00:00,,,52.643482,-1.128065,Male,25-34,White - English/Welsh/Scottish/Northern Irish/British,White,Police and Criminal Evidence Act 1984 (section 1),Offensive weapons,Community resolution,,
Person search,2018-04-22T20:04:00+00:00,,,52.630312,-1.140531,Male,18-24,Other ethnic group - Not stated,Asian,Police and Criminal Evidence Act 1984 (section 1),Stolen goods,A no further action disposal,,
Person search,2018-04-22T20:30:00+00:00,,,52.568134,-1.345351,Male,over 34,White - English/Welsh/Scottish/Northern Irish/British,White,Police and Criminal Evidence Act 1984 (section 1),Stolen goods,Arrest,,
Person search,2018-04-22T21:30:00+00:00,,,52.769002,-1.201314,Male,10-17,White - English/Welsh/Scottish/Northern Irish/British,White,Misuse of Drugs Act 1971 (section 23),Controlled drugs,Khat or Cannabis warning,,
Person search,2018-04-23T04:10:00+00:00,,,52.604256,-1.152484,Male,over 34,White - English/Welsh/Scottish/Northern Irish/British,White,Police and Criminal Evidence Act 1984 (section 1),Article for use in theft,A no further action disposal,,
Person search,2018-04-23T10:58:00+00:00,,,52.630803,-1.125244,Female,over 34,White - English/Welsh/Scottish/Northern Irish/British,White,Misuse of Drugs Act 1971 (section 23),Controlled drugs,A no further action disposal,,
Person search,2018-04-23T10:58:00+00:00,,,52.630803,-1.125244,Male,25-34,White - English/Welsh/Scottish/Northern Irish/British,White,Misuse of Drugs Act 1971 (section 23),Controlled drugs,A no further action disposal,,
Person search,2018-04-23T18:50:00+00:00,,,52.772403,-0.900521,Male,25-34,White - English/Welsh/Scottish/Northern Irish/British,White,Police and Criminal Evidence Act 1984 (section 1),Controlled drugs,A no further action disposal,,
Person search,2018-04-24T08:40:00+00:00,,,52.649651,-1.181333,Male,25-34,White - English/Welsh/Scottish/Northern Irish/British,White,Police and Criminal Evidence Act 1984 (section 1),Stolen goods,Arrest,,
Person search,2018-04-24T13:25:00+00:00,,,52.631090,-1.122770,Male,25-34,White - English/Welsh/Scottish/Northern Irish/British,White,Misuse of Drugs Act 1971 (section 23),Controlled drugs,Arrest,,
Person search,2018-04-24T17:10:00+00:00,,,52.544186,-1.373960,Male,25-34,White - Any other White background,White,Misuse of Drugs Act 1971 (section 23),Controlled drugs,A no further action disposal,,
Person search,2018-04-25T00:00:00+00:00,,,52.625879,-1.129286,Male,18-24,Other ethnic group - Not stated,Black,Misuse of Drugs Act 1971 (section 23),Controlled drugs,Arrest,,
Person search,2018-04-25T10:00:00+00:00,,,52.636250,-1.133691,Male,18-24,White - English/Welsh/Scottish/Northern Irish/British,White,Misuse of Drugs Act 1971 (section 23),Controlled drugs,A no further action disposal,,
Person search,2018-04-25T10:50:00+00:00,,,52.628705,-1.193203,Male,over 34,White - English/Welsh/Scottish/Northern Irish/British,White,Misuse of Drugs Act 1971 (section 23),Controlled drugs,A no further action disposal,,
Person search,2018-04-25T10:50:00+00:00,,,52.628388,-1.190180,Male,over 34,White - English/Welsh/Scottish/Northern Irish/British,White,Misuse of Drugs Act 1971 (section 23),Controlled drugs,A no further action disposal,,
Person search,2018-04-25T17:30:00+00:00,,,52.621850,-1.184584,Male,18-24,White - English/Welsh/Scottish/Northern Irish/British,White,Police and Criminal Evidence Act 1984 (section 1),Offensive weapons,A no further action disposal,,
Person search,2018-04-25T17:45:00+00:00,,,52.620194,-1.183093,Male,18-24,White - English/Welsh/Scottish/Northern Irish/British,White,Police and Criminal Evidence Act 1984 (section 1),Stolen goods,A no further action disposal,,
Person search,2018-04-25T19:55:00+00:00,,,52.773067,-1.201640,Male,18-24,White - English/Welsh/Scottish/Northern Irish/British,White,Police and Criminal Evidence Act 1984 (section 1),Offensive weapons,A no further action disposal,,
Person search,2018-04-26T00:50:00+00:00,,,52.633879,-1.132821,Male,,White - English/Welsh/Scottish/Northern Irish/British,White,Misuse of Drugs Act 1971 (section 23),Controlled drugs,Arrest,,
Person search,2018-04-26T01:55:00+00:00,,,52.634886,-1.067608,Male,18-24,White - English/Welsh/Scottish/Northern Irish/British,White,Police and Criminal Evidence Act 1984 (section 1),Stolen goods,A no further action disposal,,
Person search,2018-04-26T10:00:00+00:00,,,52.631380,-1.135338,Male,,White - English/Welsh/Scottish/Northern Irish/British,White,Police and Criminal Evidence Act 1984 (section 1),Stolen goods,A no further action disposal,,
Person search,2018-04-26T10:45:00+00:00,,,52.628705,-1.193203,Male,,White - English/Welsh/Scottish/Northern Irish/British,White,Misuse of Drugs Act 1971 (section 23),Controlled drugs,A no further action disposal,,
Person search,2018-04-26T11:30:00+00:00,,,52.635598,-1.129330,Male,10-17,White - English/Welsh/Scottish/Northern Irish/British,White,Misuse of Drugs Act 1971 (section 23),Controlled drugs,Arrest,,
Person search,2018-04-26T14:30:00+00:00,,,52.635121,-1.139077,Male,25-34,White - English/Welsh/Scottish/Northern Irish/British,White,Misuse of Drugs Act 1971 (section 23),Controlled drugs,A no further action disposal,,
Person search,2018-04-26T15:30:00+00:00,,,52.635005,-1.117284,Male,18-24,Asian/Asian British - Indian,Asian,Misuse of Drugs Act 1971 (section 23),Controlled drugs,A no further action disposal,,
Person search,2018-04-26T15:40:00+00:00,,,52.633007,-1.132839,Male,25-34,White - English/Welsh/Scottish/Northern Irish/British,White,Misuse of Drugs Act 1971 (section 23),Controlled drugs,A no further action disposal,,
Person search,2018-04-26T16:02:00+00:00,,,52.625383,-1.107299,Male,18-24,Asian/Asian British - Indian,Asian,Misuse of Drugs Act 1971 (section 23),Controlled drugs,A no further action disposal,,
Person search,2018-04-26T16:12:00+00:00,,,52.636250,-1.133691,Male,over 34,White - English/Welsh/Scottish/Northern Irish/British,White,Police and Criminal Evidence Act 1984 (section 1),Article for use in theft,A no further action disposal,,
Person search,2018-04-26T16:15:00+00:00,,,52.636250,-1.133691,Male,over 34,White - English/Welsh/Scottish/Northern Irish/British,White,Police and Criminal Evidence Act 1984 (section 1),Article for use in theft,A no further action disposal,,
Person search,2018-04-26T16:33:00+00:00,,,52.635807,-1.154550,Male,10-17,White - English/Welsh/Scottish/Northern Irish/British,White,Police and Criminal Evidence Act 1984 (section 1),Stolen goods,A no further action disposal,,
Person search,2018-04-26T16:33:00+00:00,,,52.635807,-1.154550,Male,10-17,White - Any other White background,White,Police and Criminal Evidence Act 1984 (section 1),Article for use in theft,A no further action disposal,,
Person search,2018-04-26T16:40:00+00:00,,,52.634369,-1.117533,Male,18-24,Other ethnic group - Not stated,Asian,Misuse of Drugs Act 1971 (section 23),Controlled drugs,A no further action disposal,,
Person search,2018-04-26T16:43:00+00:00,,,52.637830,-1.149501,Male,10-17,White - Any other White background,White,Police and Criminal Evidence Act 1984 (section 1),Stolen goods,A no further action disposal,,
Person search,2018-04-26T16:45:00+00:00,,,52.637830,-1.149501,Male,10-17,White - Any other White background,White,Police and Criminal Evidence Act 1984 (section 1),Article for use in theft,A no further action disposal,,
Person search,2018-04-26T19:25:00+00:00,,,52.619545,-1.114035,Male,18-24,Black/African/Caribbean/Black British - African,Black,Police and Criminal Evidence Act 1984 (section 1),Article for use in theft,A no further action disposal,,
Person search,2018-04-26T19:35:00+00:00,,,52.619545,-1.114035,Male,18-24,Black/African/Caribbean/Black British - African,Black,Police and Criminal Evidence Act 1984 (section 1),Article for use in theft,A no further action disposal,,
Person search,2018-04-26T19:45:00+00:00,,,52.622423,-1.084669,Female,25-34,White - English/Welsh/Scottish/Northern Irish/British,White,Police and Criminal Evidence Act 1984 (section 1),Offensive weapons,A no further action disposal,,
Person search,2018-04-26T20:10:00+00:00,,,52.623353,-1.093276,Male,over 34,White - English/Welsh/Scottish/Northern Irish/British,White,Police and Criminal Evidence Act 1984 (section 1),Offensive weapons,Arrest,,
Person search,2018-04-26T23:05:00+00:00,,,52.625516,-1.137404,Male,,Black/African/Caribbean/Black British - African,Black,Police and Criminal Evidence Act 1984 (section 1),Stolen goods,A no further action disposal,,
Person search,2018-04-27T04:12:00+00:00,,,52.628800,-1.137738,Male,25-34,Black/African/Caribbean/Black British - African,Black,Misuse of Drugs Act 1971 (section 23),Controlled drugs,Arrest,,
Person search,2018-04-27T10:32:00+00:00,,,52.648587,-1.179594,Male,18-24,Mixed/Multiple ethnic groups - White and Black Caribbean,Black,Misuse of Drugs Act 1971 (section 23),Controlled drugs,Arrest,,
Person search,2018-04-27T11:30:00+00:00,,,52.636110,-1.131802,Male,over 34,White - English/Welsh/Scottish/Northern Irish/British,White,Misuse of Drugs Act 1971 (section 23),Controlled drugs,A no further action disposal,,
Person search,2018-04-27T13:50:00+00:00,,,52.647424,-1.068361,Male,10-17,White - English/Welsh/Scottish/Northern Irish/British,White,Police and Criminal Evidence Act 1984 (section 1),Offensive weapons,A no further action disposal,,
Person search,2018-04-27T16:00:00+00:00,,,52.639768,-1.131597,Male,25-34,Asian/Asian British - Indian,Asian,Misuse of Drugs Act 1971 (section 23),Controlled drugs,A no further action disposal,,
Person search,2018-04-27T18:35:00+00:00,,,52.632591,-1.126360,Female,over 34,White - English/Welsh/Scottish/Northern Irish/British,White,Misuse of Drugs Act 1971 (section 23),Controlled drugs,A no further action disposal,,
Person search,2018-04-27T20:30:00+00:00,,,52.631806,-1.135788,Male,over 34,White - English/Welsh/Scottish/Northern Irish/British,White,Misuse of Drugs Act 1971 (section 23),Controlled drugs,A no further action disposal,,
Person search,2018-04-27T22:50:00+00:00,,,52.664455,-1.140320,Male,10-17,Black/African/Caribbean/Black British - Caribbean,Black,Police and Criminal Evidence Act 1984 (section 1),Article for use in theft,A no further action disposal,,
Person search,2018-04-27T22:50:00+00:00,,,52.664455,-1.140320,Male,10-17,Black/African/Caribbean/Black British - African,Black,Police and Criminal Evidence Act 1984 (section 1),Article for use in theft,A no further action disposal,,
Person search,2018-04-27T23:16:00+00:00,,,52.635414,-1.128742,Male,over 34,White - Any other White background,White,Misuse of Drugs Act 1971 (section 23),Controlled drugs,A no further action disposal,,
Person search,2018-04-28T02:18:00+00:00,,,52.636250,-1.133691,Male,,Other ethnic group - Not stated,Black,Police and Criminal Evidence Act 1984 (section 1),Offensive weapons,A no further action disposal,,
Person search,2018-04-28T15:30:00+00:00,,,52.632591,-1.126360,Male,25-34,White - English/Welsh/Scottish/Northern Irish/British,White,Misuse of Drugs Act 1971 (section 23),Controlled drugs,A no further action disposal,,
Person search,2018-04-28T19:00:00+00:00,,,52.770936,-1.202820,Female,over 34,White - English/Welsh/Scottish/Northern Irish/British,White,Police and Criminal Evidence Act 1984 (section 1),Stolen goods,Arrest,,
Person search,2018-04-28T19:50:00+00:00,,,52.595092,-1.133499,Male,25-34,Black/African/Caribbean/Black British - Caribbean,Black,Misuse of Drugs Act 1971 (section 23),Controlled drugs,Arrest,,
Person search,2018-04-28T20:27:00+00:00,,,52.753826,-1.207874,Male,18-24,White - English/Welsh/Scottish/Northern Irish/British,White,Misuse of Drugs Act 1971 (section 23),Controlled drugs,Arrest,,
Person search,2018-04-28T20:50:00+00:00,,,52.595092,-1.133499,Male,18-24,Black/African/Caribbean/Black British - Caribbean,Black,Misuse of Drugs Act 1971 (section 23),Controlled drugs,Khat or Cannabis warning,,
Person search,2018-04-28T21:29:00+00:00,,,52.628800,-1.137738,Male,,White - Any other White background,White,Police and Criminal Evidence Act 1984 (section 1),Offensive weapons,Arrest,,
Person search,2018-04-29T10:42:00+00:00,,,52.626492,-1.075985,Female,over 34,Black/African/Caribbean/Black British - African,Black,Police and Criminal Evidence Act 1984 (section 1),Controlled drugs,A no further action disposal,,
Person search,2018-04-29T10:43:00+00:00,,,52.626492,-1.075985,Female,10-17,Other ethnic group - Not stated,Black,Police and Criminal Evidence Act 1984 (section 1),Controlled drugs,A no further action disposal,,
Person search,2018-04-29T10:44:00+00:00,,,52.626492,-1.075985,Female,over 34,Other ethnic group - Not stated,White,Police and Criminal Evidence Act 1984 (section 1),Controlled drugs,A no further action disposal,,
Person search,2018-04-29T15:55:00+00:00,,,52.639667,-1.130136,Male,25-34,Other ethnic group - Not stated,Asian,Misuse of Drugs Act 1971 (section 23),Controlled drugs,Arrest,,
Person search,2018-04-29T17:38:00+00:00,,,52.615943,-1.132600,Male,over 34,Other ethnic group - Not stated,Asian,Police and Criminal Evidence Act 1984 (section 1),Offensive weapons,A no further action disposal,,
Person search,2018-04-29T18:55:00+00:00,,,52.626138,-1.185967,Male,18-24,White - English/Welsh/Scottish/Northern Irish/British,White,Police and Criminal Evidence Act 1984 (section 1),Offensive weapons,A no further action disposal,,
Person search,2018-04-29T19:30:00+00:00,,,52.639721,-1.128878,Male,over 34,White - English/Welsh/Scottish/Northern Irish/British,White,Police and Criminal Evidence Act 1984 (section 1),Article for use in theft,Arrest,,
Person search,2018-04-29T20:50:00+00:00,,,52.595092,-1.133499,Male,25-34,Black/African/Caribbean/Black British - Caribbean,Black,Police and Criminal Evidence Act 1984 (section 1),Controlled drugs,Arrest,,
Person search,2018-04-29T21:34:00+00:00,,,52.643325,-1.123841,Male,18-24,Asian/Asian British - Any other Asian background,Asian,Misuse of Drugs Act 1971 (section 23),Controlled drugs,A no further action disposal,,
Person search,2018-04-30T03:00:00+00:00,,,52.603364,-1.157271,Male,over 34,Black/African/Caribbean/Black British - Caribbean,Black,Misuse of Drugs Act 1971 (section 23),Controlled drugs,A no further action disposal,,
Person search,2018-04-30T03:50:00+00:00,,,52.770082,-1.204259,Male,25-34,White - English/Welsh/Scottish/Northern Irish/British,White,Police and Criminal Evidence Act 1984 (section 1),Stolen goods,A no further action disposal,,
Person search,2018-04-30T11:20:00+00:00,,,52.639335,-1.133940,Male,10-17,Black/African/Caribbean/Black British - African,Black,Police and Criminal Evidence Act 1984 (section 1),Offensive weapons,Arrest,,
Person search,2018-04-30T13:20:00+00:00,,,52.633540,-1.126977,Male,over 34,White - English/Welsh/Scottish/Northern Irish/British,White,Police and Criminal Evidence Act 1984 (section 1),Offensive weapons,A no further action disposal,,
Person search,2018-04-30T18:25:00+00:00,,,52.596258,-1.128161,Male,18-24,White - English/Welsh/Scottish/Northern Irish/British,White,Police and Criminal Evidence Act 1984 (section 1),Controlled drugs,Khat or Cannabis warning,,
Person search,2018-04-30T22:45:00+00:00,,,52.620211,-1.133638,Male,18-24,White - English/Welsh/Scottish/Northern Irish/British,White,Police and Criminal Evidence Act 1984 (section 1),Article for use in theft,Arrest,,
