Type,Date,Part of a policing operation,Policing operation,Latitude,Longitude,Gender,Age range,Self-defined ethnicity,Officer-defined ethnicity,Legislation,Object of search,Outcome,Outcome linked to object of search,Removal of more than just outer clothing
Person search,2018-03-01T01:54:00+00:00,,,52.701804,-1.066034,Male,18-24,Other ethnic group - Any other ethnic group,White,Misuse of Drugs Act 1971 (section 23),Controlled drugs,Nothing found - no further action,,
Person search,2018-03-01T03:25:00+00:00,,,52.654956,-1.178854,Male,18-24,White - English/Welsh/Scottish/Northern Irish/British,White,Police and Criminal Evidence Act 1984 (section 1),Offensive weapons,Suspect arrested,,
Person search,2018-03-02T07:23:00+00:00,,,52.624920,-1.159590,Male,over 34,White - Any other White background,White,Police and Criminal Evidence Act 1984 (section 1),Stolen goods,Suspect arrested,,
Person search,2018-03-02T10:30:00+00:00,,,52.683583,-1.137444,Male,over 34,White - English/Welsh/Scottish/Northern Irish/British,White,Misuse of Drugs Act 1971 (section 23),Controlled drugs,Nothing found - no further action,,
Person search,2018-03-02T22:23:00+00:00,,,52.681241,-1.149353,Male,18-24,White - English/Welsh/Scottish/Northern Irish/British,White,Misuse of Drugs Act 1971 (section 23),Controlled drugs,Suspect arrested,,
Person search,2018-03-02T23:23:00+00:00,,,52.681241,-1.149353,Male,10-17,White - English/Welsh/Scottish/Northern Irish/British,White,Misuse of Drugs Act 1971 (section 23),Controlled drugs,Suspect arrested,,
Person search,2018-03-03T15:27:00+00:00,,,52.629723,-1.108245,Male,25-34,Asian/Asian British - Indian,White,Misuse of Drugs Act 1971 (section 23),Controlled drugs,Nothing found - no further action,,
Person search,2018-03-03T16:08:00+00:00,,,52.636536,-1.128602,Male,18-24,Asian/Asian British - Any other Asian background,Asian,Misuse of Drugs Act 1971 (section 23),Controlled drugs,Suspect arrested,,
Person search,2018-03-03T16:08:00+00:00,,,52.636536,-1.128602,Male,18-24,White - English/Welsh/Scottish/Northern Irish/British,White,Misuse of Drugs Act 1971 (section 23),Controlled drugs,Suspect arrested,,
Person search,2018-03-03T20:45:00+00:00,,,52.662894,-1.106683,Male,25-34,White - English/Welsh/Scottish/Northern Irish/British,White,Police and Criminal Evidence Act 1984 (section 1),Stolen goods,Suspect arrested,,
Person search,2018-03-04T02:40:00+00:00,,,52.658693,-1.089796,Male,18-24,Other ethnic group - Not stated,Asian,Misuse of Drugs Act 1971 (section 23),Controlled drugs,Suspect arrested,,
Person search,2018-03-04T05:29:00+00:00,,,52.631664,-1.132274,Male,18-24,White - English/Welsh/Scottish/Northern Irish/British,White,Misuse of Drugs Act 1971 (section 23),Controlled drugs,Nothing found - no further action,,
Person search,2018-03-04T15:17:00+00:00,,,52.632591,-1.126360,Male,25-34,White - English/Welsh/Scottish/Northern Irish/British,White,Police and Criminal Evidence Act 1984 (section 1),Article for use in theft,Suspect arrested,,
Person search,2018-03-05T16:15:00+00:00,,,52.782536,-1.229163,Male,over 34,White - English/Welsh/Scottish/Northern Irish/British,White,Police and Criminal Evidence Act 1984 (section 1),Offensive weapons,Suspect arrested,,
Person search,2018-03-05T16:26:00+00:00,,,52.668090,-0.725284,Male,over 34,Mixed/Multiple ethnic groups - White and Black Caribbean,Other,Police and Criminal Evidence Act 1984 (section 1),Offensive weapons,Suspect arrested,,
Person search,2018-03-05T16:30:00+00:00,,,52.787756,-1.223302,Female,over 34,White - English/Welsh/Scottish/Northern Irish/British,White,Police and Criminal Evidence Act 1984 (section 1),Offensive weapons,Suspect arrested,,
Person search,2018-03-05T16:35:00+00:00,,,52.634942,-1.080565,Male,,Other ethnic group - Not stated,White,Police and Criminal Evidence Act 1984 (section 1),Article for use in theft,Nothing found - no further action,,
Person search,2018-03-05T21:57:00+00:00,,,52.634374,-1.160355,Male,18-24,White - English/Welsh/Scottish/Northern Irish/British,White,Police and Criminal Evidence Act 1984 (section 1),Article for use in theft,Nothing found - no further action,,
Person search,2018-03-06T09:10:00+00:00,,,52.481947,-0.919821,Female,over 34,White - English/Welsh/Scottish/Northern Irish/British,White,Police and Criminal Evidence Act 1984 (section 1),Controlled drugs,Nothing found - no further action,,
Person search,2018-03-07T12:30:00+00:00,,,52.483376,-0.898345,Female,18-24,White - English/Welsh/Scottish/Northern Irish/British,White,Police and Criminal Evidence Act 1984 (section 1),Stolen goods,Nothing found - no further action,,
Person search,2018-03-07T17:45:00+00:00,,,52.637600,-1.135171,Male,18-24,White - English/Welsh/Scottish/Northern Irish/British,White,Misuse of Drugs Act 1971 (section 23),Controlled drugs,Local resolution,,
Person search,2018-03-07T17:45:00+00:00,,,52.637600,-1.135171,Male,18-24,Asian/Asian British - Indian,Asian,Misuse of Drugs Act 1971 (section 23),Controlled drugs,Nothing found - no further action,,
Person search,2018-03-07T18:30:00+00:00,,,52.664486,-1.157161,Male,18-24,White - English/Welsh/Scottish/Northern Irish/British,White,Misuse of Drugs Act 1971 (section 23),Controlled drugs,Nothing found - no further action,,
Person search,2018-03-07T18:30:00+00:00,,,52.664486,-1.157161,Male,over 34,Other ethnic group - Not stated,Asian,Misuse of Drugs Act 1971 (section 23),Controlled drugs,Nothing found - no further action,,
Person search,2018-03-08T13:55:00+00:00,,,52.635434,-1.126658,Male,18-24,Other ethnic group - Not stated,Asian,Police and Criminal Evidence Act 1984 (section 1),Stolen goods,Nothing found - no further action,,
Person search,2018-03-08T15:50:00+00:00,,,52.771945,-1.205826,Male,18-24,Other ethnic group - Not stated,White,Misuse of Drugs Act 1971 (section 23),Controlled drugs,Nothing found - no further action,,
Person search,2018-03-08T20:50:00+00:00,,,52.638293,-1.115784,Male,18-24,Asian/Asian British - Any other Asian background,Asian,Misuse of Drugs Act 1971 (section 23),Controlled drugs,Nothing found - no further action,,
Person search,2018-03-08T21:15:00+00:00,,,52.630022,-1.067652,Male,over 34,White - English/Welsh/Scottish/Northern Irish/British,White,Police and Criminal Evidence Act 1984 (section 1),Article for use in theft,Nothing found - no further action,,
Person search,2018-03-09T02:00:00+00:00,,,52.540787,-1.358688,Male,10-17,White - English/Welsh/Scottish/Northern Irish/British,White,Police and Criminal Evidence Act 1984 (section 1),Article for use in theft,Nothing found - no further action,,
Person search,2018-03-09T16:17:00+00:00,,,52.787756,-1.223302,Male,over 34,White - English/Welsh/Scottish/Northern Irish/British,White,Police and Criminal Evidence Act 1984 (section 1),Offensive weapons,Suspect arrested,,
Person search,2018-03-09T23:15:00+00:00,,,52.551425,-1.364064,Male,10-17,White - English/Welsh/Scottish/Northern Irish/British,White,Police and Criminal Evidence Act 1984 (section 1),Article for use in theft,Nothing found - no further action,,
Person search,2018-03-10T02:30:00+00:00,,,52.646672,-1.150261,Male,25-34,White - English/Welsh/Scottish/Northern Irish/British,White,Misuse of Drugs Act 1971 (section 23),Controlled drugs,Nothing found - no further action,,
Person search,2018-03-11T12:20:00+00:00,,,52.552975,-1.395781,Male,25-34,White - English/Welsh/Scottish/Northern Irish/British,White,Police and Criminal Evidence Act 1984 (section 1),Stolen goods,Suspect arrested,,
Person search,2018-03-11T19:54:00+00:00,,,52.626460,-1.171394,Male,18-24,Other ethnic group - Not stated,White,Police and Criminal Evidence Act 1984 (section 1),Offensive weapons,Nothing found - no further action,,
Person search,2018-03-11T19:54:00+00:00,,,52.626460,-1.171394,Male,10-17,Other ethnic group - Not stated,White,Police and Criminal Evidence Act 1984 (section 1),Offensive weapons,Nothing found - no further action,,
Person search,2018-03-12T00:05:00+00:00,,,52.771510,-1.206768,Male,10-17,White - English/Welsh/Scottish/Northern Irish/British,White,Police and Criminal Evidence Act 1984 (section 1),Offensive weapons,Nothing found - no further action,,
Person search,2018-03-13T15:00:00+00:00,,,52.650987,-1.090798,Male,18-24,White - Any other White background,White,Misuse of Drugs Act 1971 (section 23),Controlled drugs,Suspect summonsed to court,,
Person search,2018-03-13T15:20:00+00:00,,,52.650987,-1.090798,Male,18-24,White - English/Welsh/Scottish/Northern Irish/British,White,Misuse of Drugs Act 1971 (section 23),Controlled drugs,Suspect arrested,,
Person search,2018-03-14T07:05:00+00:00,,,52.558999,-1.356564,Male,18-24,White - English/Welsh/Scottish/Northern Irish/British,White,Police and Criminal Evidence Act 1984 (section 1),Article for use in theft,Nothing found - no further action,,
Person search,2018-03-14T12:40:00+00:00,,,52.624310,-1.109226,Male,over 34,White - English/Welsh/Scottish/Northern Irish/British,White,Misuse of Drugs Act 1971 (section 23),Controlled drugs,Nothing found - no further action,,
Person search,2018-03-14T15:15:00+00:00,,,52.633540,-1.126977,Male,18-24,Other ethnic group - Not stated,Other,Firearms Act 1968 (section 47),Offensive weapons,Nothing found - no further action,,
Person search,2018-03-14T19:30:00+00:00,,,52.754233,-1.202903,Male,10-17,Other ethnic group - Not stated,White,Police and Criminal Evidence Act 1984 (section 1),Offensive weapons,Nothing found - no further action,,
Person search,2018-03-14T19:45:00+00:00,,,52.754233,-1.202903,Male,10-17,Other ethnic group - Not stated,White,Police and Criminal Evidence Act 1984 (section 1),Offensive weapons,Nothing found - no further action,,
Person search,2018-03-14T19:45:00+00:00,,,52.754233,-1.202903,Male,10-17,Other ethnic group - Not stated,White,Police and Criminal Evidence Act 1984 (section 1),Offensive weapons,Nothing found - no further action,,
Person search,2018-03-14T19:45:00+00:00,,,52.754233,-1.202903,Male,10-17,Other ethnic group - Not stated,White,Police and Criminal Evidence Act 1984 (section 1),Offensive weapons,Nothing found - no further action,,
Person search,2018-03-17T20:30:00+00:00,,,52.639085,-1.198007,Male,10-17,White - English/Welsh/Scottish/Northern Irish/British,White,Misuse of Drugs Act 1971 (section 23),Controlled drugs,Nothing found - no further action,,
Person search,2018-03-17T20:30:00+00:00,,,52.640389,-1.196698,Male,10-17,White - English/Welsh/Scottish/Northern Irish/British,White,Misuse of Drugs Act 1971 (section 23),Controlled drugs,Nothing found - no further action,,
Person search,2018-03-17T20:30:00+00:00,,,52.639756,-1.196207,Male,10-17,White - English/Welsh/Scottish/Northern Irish/British,White,Misuse of Drugs Act 1971 (section 23),Controlled drugs,Nothing found - no further action,,
Person search,2018-03-17T20:40:00+00:00,,,52.639085,-1.198007,Male,10-17,White - English/Welsh/Scottish/Northern Irish/British,White,Misuse of Drugs Act 1971 (section 23),Controlled drugs,Nothing found - no further action,,
Person search,2018-03-17T20:40:00+00:00,,,52.639085,-1.198007,Male,10-17,White - English/Welsh/Scottish/Northern Irish/British,White,Misuse of Drugs Act 1971 (section 23),Controlled drugs,Nothing found - no further action,,
Person search,2018-03-17T20:40:00+00:00,,,52.639085,-1.198007,Male,10-17,White - English/Welsh/Scottish/Northern Irish/British,White,Misuse of Drugs Act 1971 (section 23),Controlled drugs,Nothing found - no further action,,
Person search,2018-03-17T20:41:00+00:00,,,52.639756,-1.196207,Male,10-17,Black/African/Caribbean/Black British - Any other Black/African/Caribbean background,Black,Police and Criminal Evidence Act 1984 (section 1),Stolen goods,Nothing found - no further action,,
Person search,2018-03-17T20:41:00+00:00,,,52.639085,-1.198007,Male,10-17,White - English/Welsh/Scottish/Northern Irish/British,White,Misuse of Drugs Act 1971 (section 23),Controlled drugs,Nothing found - no further action,,
Person search,2018-03-18T03:11:00+00:00,,,52.630069,-1.133045,Male,25-34,Other ethnic group - Not stated,Black,Police and Criminal Evidence Act 1984 (section 1),Stolen goods,Suspect arrested,,
Person search,2018-03-19T03:30:00+00:00,,,52.532221,-1.350587,Male,over 34,White - English/Welsh/Scottish/Northern Irish/British,White,Police and Criminal Evidence Act 1984 (section 1),Stolen goods,Nothing found - no further action,,
Person search,2018-03-19T03:30:00+00:00,,,52.532221,-1.350587,Male,over 34,White - English/Welsh/Scottish/Northern Irish/British,White,Police and Criminal Evidence Act 1984 (section 1),Article for use in theft,Nothing found - no further action,,
Person search,2018-03-19T09:00:00+00:00,,,52.528816,-1.221243,Male,10-17,White - English/Welsh/Scottish/Northern Irish/British,White,Firearms Act 1968 (section 47),Firearms,Nothing found - no further action,,
Person search,2018-03-20T03:00:00+00:00,,,52.647116,-1.182592,Male,over 34,White - English/Welsh/Scottish/Northern Irish/British,White,Police and Criminal Evidence Act 1984 (section 1),Stolen goods,Nothing found - no further action,,
Person search,2018-03-20T03:00:00+00:00,,,52.647116,-1.182592,Male,25-34,White - English/Welsh/Scottish/Northern Irish/British,White,Police and Criminal Evidence Act 1984 (section 1),Stolen goods,Nothing found - no further action,,
Person search,2018-03-20T20:10:00+00:00,,,52.644353,-1.222282,Male,18-24,White - English/Welsh/Scottish/Northern Irish/British,White,Misuse of Drugs Act 1971 (section 23),Controlled drugs,Nothing found - no further action,,
Person search,2018-03-20T20:10:00+00:00,,,52.644353,-1.222282,Male,25-34,Asian/Asian British - Indian,Asian,Misuse of Drugs Act 1971 (section 23),Controlled drugs,Offender given drugs possession warning,,
Person search,2018-03-20T20:10:00+00:00,,,52.642824,-1.219457,Male,25-34,White - English/Welsh/Scottish/Northern Irish/British,White,Misuse of Drugs Act 1971 (section 23),Controlled drugs,Nothing found - no further action,,
Person search,2018-03-21T11:00:00+00:00,,,52.631051,-1.117452,Male,18-24,Asian/Asian British - Any other Asian background,Asian,Misuse of Drugs Act 1971 (section 23),Controlled drugs,Nothing found - no further action,,
Person search,2018-03-21T11:10:00+00:00,,,52.764058,-0.886711,Male,over 34,Mixed/Multiple ethnic groups - White and Black Caribbean,Other,Police and Criminal Evidence Act 1984 (section 1),Stolen goods,Suspect arrested,,
Person search,2018-03-21T14:30:00+00:00,,,52.633018,-1.113674,Male,,Asian/Asian British - Any other Asian background,Asian,Misuse of Drugs Act 1971 (section 23),Controlled drugs,Nothing found - no further action,,
Person search,2018-03-21T21:45:00+00:00,,,52.626548,-1.134680,Female,10-17,Other ethnic group - Not stated,Asian,Police and Criminal Evidence Act 1984 (section 1),Offensive weapons,Nothing found - no further action,,
Person search,2018-03-21T21:45:00+00:00,,,52.620388,-1.159367,Male,over 34,Black/African/Caribbean/Black British - African,Black,Police and Criminal Evidence Act 1984 (section 1),Offensive weapons,Nothing found - no further action,,
Person search,2018-03-22T02:02:00+00:00,,,52.631887,-1.130778,Male,25-34,White - English/Welsh/Scottish/Northern Irish/British,White,Police and Criminal Evidence Act 1984 (section 1),Stolen goods,Suspect arrested,,
Person search,2018-03-22T11:50:00+00:00,,,52.541000,-1.373283,Female,18-24,White - Any other White background,White,Police and Criminal Evidence Act 1984 (section 1),Stolen goods,Nothing found - no further action,,
Person search,2018-03-22T11:50:00+00:00,,,52.541000,-1.373283,Female,over 34,White - Any other White background,White,Police and Criminal Evidence Act 1984 (section 1),Stolen goods,Nothing found - no further action,,
Person search,2018-03-22T11:50:00+00:00,,,52.541000,-1.373283,Male,18-24,White - Any other White background,White,Police and Criminal Evidence Act 1984 (section 1),Stolen goods,Nothing found - no further action,,
Person search,2018-03-22T16:30:00+00:00,,,52.451269,-1.213400,Male,18-24,White - English/Welsh/Scottish/Northern Irish/British,White,Police and Criminal Evidence Act 1984 (section 1),Controlled drugs,Nothing found - no further action,,
Person search,2018-03-22T16:30:00+00:00,,,52.451269,-1.213400,Other,,White - English/Welsh/Scottish/Northern Irish/British,White,Police and Criminal Evidence Act 1984 (section 1),Controlled drugs,Nothing found - no further action,,
Person search,2018-03-22T16:30:00+00:00,,,52.451269,-1.213400,Male,18-24,White - English/Welsh/Scottish/Northern Irish/British,White,Police and Criminal Evidence Act 1984 (section 1),Controlled drugs,Local resolution,,
Person search,2018-03-22T16:30:00+00:00,,,52.451269,-1.213400,Male,18-24,White - English/Welsh/Scottish/Northern Irish/British,White,Police and Criminal Evidence Act 1984 (section 1),Controlled drugs,Nothing found - no further action,,
Person search,2018-03-22T17:20:00+00:00,,,52.767719,-0.892724,Male,10-17,White - English/Welsh/Scottish/Northern Irish/British,White,Misuse of Drugs Act 1971 (section 23),Controlled drugs,Nothing found - no further action,,
Person search,2018-03-23T05:34:00+00:00,,,52.624424,-1.150485,Male,25-34,White - English/Welsh/Scottish/Northern Irish/British,White,Misuse of Drugs Act 1971 (section 23),Controlled drugs,Suspect arrested,,
Person search,2018-03-23T17:30:00+00:00,,,52.766768,-0.888139,Male,18-24,White - English/Welsh/Scottish/Northern Irish/British,White,Misuse of Drugs Act 1971 (section 23),Controlled drugs,Suspect arrested,,
Person search,2018-03-23T17:55:00+00:00,,,52.767548,-0.885051,Male,18-24,White - English/Welsh/Scottish/Northern Irish/British,White,Police and Criminal Evidence Act 1984 (section 1),Controlled drugs,Suspect arrested,,
Person search,2018-03-23T18:00:00+00:00,,,52.766768,-0.888139,Male,18-24,White - English/Welsh/Scottish/Northern Irish/British,White,Police and Criminal Evidence Act 1984 (section 1),Controlled drugs,Suspect arrested,,
Person search,2018-03-24T02:30:00+00:00,,,52.630898,-1.179998,Male,10-17,White - English/Welsh/Scottish/Northern Irish/British,White,Police and Criminal Evidence Act 1984 (section 1),Stolen goods,Nothing found - no further action,,
Person search,2018-03-24T02:30:00+00:00,,,52.630898,-1.179998,Male,10-17,White - English/Welsh/Scottish/Northern Irish/British,White,Police and Criminal Evidence Act 1984 (section 1),Evidence of offences under the Act,Nothing found - no further action,,
Person search,2018-03-24T02:30:00+00:00,,,52.630898,-1.179998,Male,10-17,White - English/Welsh/Scottish/Northern Irish/British,White,Police and Criminal Evidence Act 1984 (section 1),Stolen goods,Nothing found - no further action,,
Person search,2018-03-24T02:30:00+00:00,,,52.630898,-1.179998,Male,10-17,White - English/Welsh/Scottish/Northern Irish/British,White,Police and Criminal Evidence Act 1984 (section 1),Evidence of offences under the Act,Nothing found - no further action,,
Person search,2018-03-24T05:30:00+00:00,,,52.541000,-1.373283,Male,25-34,White - English/Welsh/Scottish/Northern Irish/British,White,Police and Criminal Evidence Act 1984 (section 1),Stolen goods,Nothing found - no further action,,
Person search,2018-03-24T19:00:00+00:00,,,52.633893,-1.193359,Male,25-34,White - English/Welsh/Scottish/Northern Irish/British,White,Misuse of Drugs Act 1971 (section 23),Controlled drugs,Suspect arrested,,
Person search,2018-03-24T20:40:00+00:00,,,52.622073,-1.157473,Male,25-34,White - English/Welsh/Scottish/Northern Irish/British,White,Misuse of Drugs Act 1971 (section 23),Controlled drugs,Nothing found - no further action,,
Person search,2018-03-24T20:40:00+00:00,,,52.622073,-1.157473,Male,18-24,White - English/Welsh/Scottish/Northern Irish/British,White,Misuse of Drugs Act 1971 (section 23),Controlled drugs,Nothing found - no further action,,
Person search,2018-03-24T22:15:00+00:00,,,52.770082,-1.204259,Male,25-34,White - English/Welsh/Scottish/Northern Irish/British,White,Misuse of Drugs Act 1971 (section 23),Controlled drugs,Nothing found - no further action,,
Person search,2018-03-24T22:15:00+00:00,,,52.770082,-1.204259,Male,25-34,White - English/Welsh/Scottish/Northern Irish/British,White,Misuse of Drugs Act 1971 (section 23),Controlled drugs,Suspect arrested,,
Person search,2018-03-25T00:20:00+00:00,,,52.634545,-1.155254,Male,18-24,White - English/Welsh/Scottish/Northern Irish/British,White,Police and Criminal Evidence Act 1984 (section 1),Offensive weapons,Suspect arrested,,
Person search,2018-03-25T00:30:00+00:00,,,52.603116,-1.086208,Male,18-24,Asian/Asian British - Indian,Asian,Misuse of Drugs Act 1971 (section 23),Controlled drugs,Suspect arrested,,
Person search,2018-03-25T15:50:00+00:00,,,52.635414,-1.128742,Male,over 34,White - English/Welsh/Scottish/Northern Irish/British,White,Misuse of Drugs Act 1971 (section 23),Controlled drugs,Nothing found - no further action,,
Person search,2018-03-25T15:50:00+00:00,,,52.636532,-1.120711,Male,25-34,White - English/Welsh/Scottish/Northern Irish/British,White,Police and Criminal Evidence Act 1984 (section 1),Article for use in theft,Nothing found - no further action,,
Person search,2018-03-25T15:50:00+00:00,,,52.635414,-1.128742,Male,over 34,White - English/Welsh/Scottish/Northern Irish/British,White,Misuse of Drugs Act 1971 (section 23),Controlled drugs,Nothing found - no further action,,
Person search,2018-03-25T15:55:00+00:00,,,52.635414,-1.128742,Male,over 34,White - English/Welsh/Scottish/Northern Irish/British,White,Police and Criminal Evidence Act 1984 (section 1),Controlled drugs,Nothing found - no further action,,
Person search,2018-03-25T16:00:00+00:00,,,52.635414,-1.128742,Male,25-34,White - English/Welsh/Scottish/Northern Irish/British,White,Misuse of Drugs Act 1971 (section 23),Controlled drugs,Nothing found - no further action,,
Person search,2018-03-25T19:00:00+00:00,,,52.593060,-1.155845,Male,10-17,Black/African/Caribbean/Black British - Any other Black/African/Caribbean background,Black,Police and Criminal Evidence Act 1984 (section 1),Offensive weapons,Nothing found - no further action,,
Person search,2018-03-26T13:30:00+00:00,,,52.630820,-1.159847,Male,over 34,Black/African/Caribbean/Black British - Caribbean,Black,Police and Criminal Evidence Act 1984 (section 1),Controlled drugs,Nothing found - no further action,,
Person search,2018-03-26T13:30:00+00:00,,,52.630820,-1.159847,Male,over 34,White - English/Welsh/Scottish/Northern Irish/British,White,Misuse of Drugs Act 1971 (section 23),Controlled drugs,Nothing found - no further action,,
Person search,2018-03-26T16:15:00+00:00,,,52.579917,-1.309978,Male,over 34,White - English/Welsh/Scottish/Northern Irish/British,White,Police and Criminal Evidence Act 1984 (section 1),Offensive weapons,Nothing found - no further action,,
Person search,2018-03-26T17:30:00+00:00,,,52.753784,-1.216409,Male,,Other ethnic group - Not stated,Black,Police and Criminal Evidence Act 1984 (section 1),Stolen goods,Nothing found - no further action,,
Person search,2018-03-26T17:30:00+00:00,,,52.753784,-1.216409,Male,,Other ethnic group - Not stated,Black,Police and Criminal Evidence Act 1984 (section 1),Stolen goods,Nothing found - no further action,,
Person search,2018-03-26T17:30:00+00:00,,,52.753784,-1.216409,Male,,Other ethnic group - Not stated,Black,Police and Criminal Evidence Act 1984 (section 1),Stolen goods,Nothing found - no further action,,
Person search,2018-03-26T17:35:00+00:00,,,52.764862,-1.300390,Female,10-17,White - English/Welsh/Scottish/Northern Irish/British,White,Police and Criminal Evidence Act 1984 (section 1),Offensive weapons,Nothing found - no further action,,
Person search,2018-03-26T17:35:00+00:00,,,52.753784,-1.216409,Male,18-24,Black/African/Caribbean/Black British - African,Black,Police and Criminal Evidence Act 1984 (section 1),Stolen goods,Offender given drugs possession warning,,
Person search,2018-03-27T03:00:00+00:00,,,52.568134,-1.345351,Male,over 34,White - English/Welsh/Scottish/Northern Irish/British,White,Police and Criminal Evidence Act 1984 (section 1),Stolen goods,Nothing found - no further action,,
Person search,2018-03-27T03:05:00+00:00,,,52.568134,-1.345351,Male,over 34,White - English/Welsh/Scottish/Northern Irish/British,White,Police and Criminal Evidence Act 1984 (section 1),Article for use in theft,Nothing found - no further action,,
Person search,2018-03-27T11:10:00+00:00,,,52.725758,-1.376220,Male,over 34,Black/African/Caribbean/Black British - Any other Black/African/Caribbean background,Black,Police and Criminal Evidence Act 1984 (section 1),Controlled drugs,Nothing found - no further action,,
Person search,2018-03-27T14:20:00+00:00,,,52.625383,-1.107299,Male,18-24,Asian/Asian British - Any other Asian background,Other,Misuse of Drugs Act 1971 (section 23),Controlled drugs,Nothing found - no further action,,
Person search,2018-03-27T15:30:00+00:00,,,52.758276,-1.236718,Male,18-24,Black/African/Caribbean/Black British - African,Black,Misuse of Drugs Act 1971 (section 23),Controlled drugs,Nothing found - no further action,,
Person search,2018-03-27T16:41:00+00:00,,,52.773981,-1.210532,Male,10-17,White - English/Welsh/Scottish/Northern Irish/British,White,Police and Criminal Evidence Act 1984 (section 1),Offensive weapons,Nothing found - no further action,,
Person search,2018-03-27T16:43:00+00:00,,,52.772547,-1.214012,Female,10-17,White - English/Welsh/Scottish/Northern Irish/British,White,Police and Criminal Evidence Act 1984 (section 1),Offensive weapons,Nothing found - no further action,,
Person search,2018-03-28T13:00:00+00:00,,,52.628042,-1.157373,Male,10-17,White - English/Welsh/Scottish/Northern Irish/British,White,Misuse of Drugs Act 1971 (section 23),Controlled drugs,Nothing found - no further action,,
Person search,2018-03-28T13:09:00+00:00,,,52.628042,-1.157373,Male,10-17,White - English/Welsh/Scottish/Northern Irish/British,White,Misuse of Drugs Act 1971 (section 23),Controlled drugs,Offender given drugs possession warning,,
Person search,2018-03-28T19:55:00+00:00,,,52.628839,-1.123465,Male,25-34,Black/African/Caribbean/Black British - Caribbean,Black,Police and Criminal Evidence Act 1984 (section 1),Stolen goods,Nothing found - no further action,,
Person search,2018-03-28T20:00:00+00:00,,,52.627979,-1.120277,Male,25-34,Other ethnic group - Not stated,Black,Police and Criminal Evidence Act 1984 (section 1),Stolen goods,Nothing found - no further action,,
Person search,2018-03-28T20:43:00+00:00,,,52.771510,-1.206768,Male,10-17,White - English/Welsh/Scottish/Northern Irish/British,White,Police and Criminal Evidence Act 1984 (section 1),Article for use in theft,Nothing found - no further action,,
Person search,2018-03-28T20:45:00+00:00,,,52.771510,-1.206768,Male,18-24,White - English/Welsh/Scottish/Northern Irish/British,White,Police and Criminal Evidence Act 1984 (section 1),Article for use in theft,Nothing found - no further action,,
Person search,2018-03-28T21:45:00+00:00,,,52.631689,-1.117484,Male,,White - English/Welsh/Scottish/Northern Irish/British,White,Misuse of Drugs Act 1971 (section 23),Controlled drugs,Nothing found - no further action,,
Person search,2018-03-29T08:39:00+00:00,,,52.641350,-1.503038,Male,18-24,White - English/Welsh/Scottish/Northern Irish/British,White,Misuse of Drugs Act 1971 (section 23),Controlled drugs,Suspect arrested,,
Person search,2018-03-29T11:00:00+00:00,,,52.634369,-1.117533,Male,over 34,Asian/Asian British - Indian,Asian,Misuse of Drugs Act 1971 (section 23),Controlled drugs,Nothing found - no further action,,
Person search,2018-03-29T18:15:00+00:00,,,52.629259,-1.151470,Male,over 34,White - English/Welsh/Scottish/Northern Irish/British,White,Police and Criminal Evidence Act 1984 (section 1),Stolen goods,Suspect arrested,,
Person search,2018-03-29T18:20:00+00:00,,,52.628069,-1.172634,Male,25-34,White - English/Welsh/Scottish/Northern Irish/British,White,Police and Criminal Evidence Act 1984 (section 1),Article for use in theft,Suspect arrested,,
Person search,2018-03-30T00:00:00+00:00,,,52.635414,-1.128742,Male,over 34,White - English/Welsh/Scottish/Northern Irish/British,White,Firearms Act 1968 (section 47),Firearms,Nothing found - no further action,,
Person search,2018-03-30T01:35:00+00:00,,,52.746105,-1.473479,Male,18-24,Other ethnic group - Not stated,Asian,Misuse of Drugs Act 1971 (section 23),Controlled drugs,Suspect arrested,,
Person search,2018-03-30T22:30:00+00:00,,,52.658594,-1.132954,Male,18-24,Other ethnic group - Not stated,Asian,Misuse of Drugs Act 1971 (section 23),Controlled drugs,Nothing found - no further action,,
Person search,2018-03-30T22:30:00+00:00,,,52.655539,-1.135690,Male,25-34,Asian/Asian British - Any other Asian background,Asian,Misuse of Drugs Act 1971 (section 23),Controlled drugs,Local resolution,,
Person search,2018-03-30T23:00:00+00:00,,,52.637354,-1.138383,Male,18-24,Asian/Asian British - Indian,Asian,Misuse of Drugs Act 1971 (section 23),Controlled drugs,Nothing found - no further action,,
Person search,2018-03-30T23:00:00+00:00,,,52.637354,-1.138383,Male,25-34,Asian/Asian British - Indian,Asian,Misuse of Drugs Act 1971 (section 23),Controlled drugs,Nothing found - no further action,,
Person search,2018-03-30T23:20:00+00:00,,,52.626530,-1.209332,Female,25-34,White - English/Welsh/Scottish/Northern Irish/British,White,Misuse of Drugs Act 1971 (section 23),Controlled drugs,Nothing found - no further action,,
Person search,2018-03-31T01:49:00+00:00,,,52.746105,-1.473479,Male,18-24,Other ethnic group - Any other ethnic group,Asian,Misuse of Drugs Act 1971 (section 23),Controlled drugs,Suspect arrested,,
Person search,2018-03-31T21:35:00+00:00,,,52.771945,-1.205826,Male,25-34,White - English/Welsh/Scottish/Northern Irish/British,White,Police and Criminal Evidence Act 1984 (section 1),Offensive weapons,Suspect arrested,,
