Type,Date,Part of a policing operation,Policing operation,Latitude,Longitude,Gender,Age range,Self-defined ethnicity,Officer-defined ethnicity,Legislation,Object of search,Outcome,Outcome linked to object of search,Removal of more than just outer clothing
Person search,2018-02-01T02:10:00+00:00,,,52.625560,-1.152206,Male,18-24,White - English/Welsh/Scottish/Northern Irish/British,White,Police and Criminal Evidence Act 1984 (section 1),Offensive weapons,Nothing found - no further action,,
Person search,2018-02-01T15:33:00+00:00,,,52.635141,-1.097170,Male,,White - English/Welsh/Scottish/Northern Irish/British,White,Misuse of Drugs Act 1971 (section 23),Controlled drugs,Nothing found - no further action,,
Person search,2018-02-01T15:45:00+00:00,,,52.635001,-1.115466,Male,10-17,Asian/Asian British - Any other Asian background,White,Misuse of Drugs Act 1971 (section 23),Controlled drugs,Nothing found - no further action,,
Person search,2018-02-01T16:05:00+00:00,,,52.635141,-1.097170,Male,18-24,Other ethnic group - Not stated,Black,Police and Criminal Evidence Act 1984 (section 1),Controlled drugs,Nothing found - no further action,,
Person search,2018-02-01T16:10:00+00:00,,,52.635141,-1.097170,Male,18-24,Other ethnic group - Not stated,Black,Misuse of Drugs Act 1971 (section 23),Controlled drugs,Nothing found - no further action,,
Person search,2018-02-01T22:30:00+00:00,,,54.103247,-3.261367,Male,18-24,White - English/Welsh/Scottish/Northern Irish/British,White,Misuse of Drugs Act 1971 (section 23),Stolen goods,Nothing found - no further action,,
Person search,2018-02-01T22:35:00+00:00,,,54.103247,-3.261367,Male,25-34,White - English/Welsh/Scottish/Northern Irish/British,White,Misuse of Drugs Act 1971 (section 23),Controlled drugs,Local resolution,,
Person search,2018-02-01T22:50:00+00:00,,,52.626534,-1.145096,Male,over 34,White - English/Welsh/Scottish/Northern Irish/British,White,Police and Criminal Evidence Act 1984 (section 1),Stolen goods,Offender given drugs possession warning,,
Person search,2018-02-02T16:45:00+00:00,,,52.641034,-1.165134,Male,18-24,White - English/Welsh/Scottish/Northern Irish/British,White,Misuse of Drugs Act 1971 (section 23),Controlled drugs,Nothing found - no further action,,
Person search,2018-02-02T18:00:00+00:00,,,52.638293,-1.115784,Male,18-24,Asian/Asian British - Any other Asian background,Asian,Misuse of Drugs Act 1971 (section 23),Controlled drugs,Nothing found - no further action,,
Person search,2018-02-02T20:30:00+00:00,,,52.623626,-1.083240,Male,,Other ethnic group - Not stated,Asian,Misuse of Drugs Act 1971 (section 23),Controlled drugs,Nothing found - no further action,,
Person search,2018-02-02T20:30:00+00:00,,,52.623626,-1.083240,Male,25-34,Asian/Asian British - Any other Asian background,Asian,Misuse of Drugs Act 1971 (section 23),Controlled drugs,Nothing found - no further action,,
Person search,2018-02-02T20:30:00+00:00,,,52.623626,-1.083240,Male,18-24,Other ethnic group - Not stated,Asian,Misuse of Drugs Act 1971 (section 23),Controlled drugs,Nothing found - no further action,,
Person search,2018-02-02T20:45:00+00:00,,,52.582774,-1.150582,Male,10-17,White - English/Welsh/Scottish/Northern Irish/British,White,Police and Criminal Evidence Act 1984 (section 1),Offensive weapons,Suspect arrested,,
Person search,2018-02-02T21:00:00+00:00,,,52.770264,-1.200580,Male,over 34,White - English/Welsh/Scottish/Northern Irish/British,White,Police and Criminal Evidence Act 1984 (section 1),Stolen goods,Nothing found - no further action,,
Person search,2018-02-02T21:20:00+00:00,,,52.635448,-1.102040,Male,18-24,Asian/Asian British - Any other Asian background,Asian,Misuse of Drugs Act 1971 (section 23),Controlled drugs,Nothing found - no further action,,
Person search,2018-02-02T21:20:00+00:00,,,52.635448,-1.102040,Male,18-24,Asian/Asian British - Any other Asian background,Asian,Misuse of Drugs Act 1971 (section 23),Controlled drugs,Suspect arrested,,
Person search,2018-02-02T21:45:00+00:00,,,52.646650,-1.176437,Other,,White - English/Welsh/Scottish/Northern Irish/British,White,Misuse of Drugs Act 1971 (section 23),Controlled drugs,Nothing found - no further action,,
Person search,2018-02-02T21:50:00+00:00,,,52.643301,-1.169229,Male,over 34,White - English/Welsh/Scottish/Northern Irish/British,White,Misuse of Drugs Act 1971 (section 23),Controlled drugs,Nothing found - no further action,,
Person search,2018-02-03T14:18:00+00:00,,,52.623940,-1.145663,Male,,White - English/Welsh/Scottish/Northern Irish/British,White,Police and Criminal Evidence Act 1984 (section 1),Stolen goods,Nothing found - no further action,,
Person search,2018-02-03T16:10:00+00:00,,,52.493908,-1.194493,Male,25-34,White - English/Welsh/Scottish/Northern Irish/British,White,Misuse of Drugs Act 1971 (section 23),Controlled drugs,Nothing found - no further action,,
Person search,2018-02-03T18:20:00+00:00,,,52.779723,-1.233512,Male,10-17,Other ethnic group - Not stated,Asian,Misuse of Drugs Act 1971 (section 23),Controlled drugs,Nothing found - no further action,,
Person search,2018-02-03T18:39:00+00:00,,,52.656313,-1.117505,Male,18-24,Asian/Asian British - Indian,Asian,Police and Criminal Evidence Act 1984 (section 1),Stolen goods,Nothing found - no further action,,
Person search,2018-02-03T20:54:00+00:00,,,52.657792,-1.069826,Male,over 34,Other ethnic group - Not stated,Asian,Misuse of Drugs Act 1971 (section 23),Controlled drugs,Nothing found - no further action,,
Person search,2018-02-04T11:50:00+00:00,,,52.660893,-1.165288,Male,over 34,White - English/Welsh/Scottish/Northern Irish/British,White,Misuse of Drugs Act 1971 (section 23),Controlled drugs,Nothing found - no further action,,
Person search,2018-02-04T13:50:00+00:00,,,52.592311,-1.061027,Male,over 34,White - English/Welsh/Scottish/Northern Irish/British,White,Police and Criminal Evidence Act 1984 (section 1),Articles for use in criminal damage,Nothing found - no further action,,
Person search,2018-02-04T22:45:00+00:00,,,52.609006,-1.198217,Male,18-24,White - English/Welsh/Scottish/Northern Irish/British,White,Misuse of Drugs Act 1971 (section 23),Controlled drugs,Nothing found - no further action,,
Person search,2018-02-05T10:40:00+00:00,,,52.771328,-1.198396,Male,18-24,Other ethnic group - Not stated,Other,Misuse of Drugs Act 1971 (section 23),Controlled drugs,Nothing found - no further action,,
Person search,2018-02-05T14:00:00+00:00,,,52.634379,-1.132294,Male,10-17,White - English/Welsh/Scottish/Northern Irish/British,White,Police and Criminal Evidence Act 1984 (section 1),Offensive weapons,Suspect arrested,,
Person search,2018-02-05T14:02:00+00:00,,,52.634379,-1.132294,Male,25-34,White - English/Welsh/Scottish/Northern Irish/British,White,Police and Criminal Evidence Act 1984 (section 1),Offensive weapons,Suspect arrested,,
Person search,2018-02-05T14:25:00+00:00,,,52.668852,-1.152980,Male,over 34,White - English/Welsh/Scottish/Northern Irish/British,White,Misuse of Drugs Act 1971 (section 23),Controlled drugs,Nothing found - no further action,,
Person search,2018-02-05T14:30:00+00:00,,,52.660893,-1.165288,Male,10-17,White - English/Welsh/Scottish/Northern Irish/British,White,Misuse of Drugs Act 1971 (section 23),Controlled drugs,Nothing found - no further action,,
Person search,2018-02-05T15:00:00+00:00,,,52.660893,-1.165288,Male,10-17,White - Any other White background,White,Misuse of Drugs Act 1971 (section 23),Controlled drugs,Nothing found - no further action,,
Person search,2018-02-05T15:10:00+00:00,,,52.768392,-1.208262,Male,25-34,White - English/Welsh/Scottish/Northern Irish/British,White,Police and Criminal Evidence Act 1984 (section 1),Stolen goods,Suspect arrested,,
Person search,2018-02-05T16:45:00+00:00,,,52.624710,-1.182153,Male,25-34,White - English/Welsh/Scottish/Northern Irish/British,White,Police and Criminal Evidence Act 1984 (section 1),Controlled drugs,Nothing found - no further action,,
Person search,2018-02-05T19:05:00+00:00,,,52.633680,-1.130225,Male,over 34,White - English/Welsh/Scottish/Northern Irish/British,White,Misuse of Drugs Act 1971 (section 23),Controlled drugs,Nothing found - no further action,,
Person search,2018-02-05T22:15:00+00:00,,,52.642108,-1.128269,Male,18-24,Black/African/Caribbean/Black British - African,Black,Police and Criminal Evidence Act 1984 (section 1),Article for use in theft,Nothing found - no further action,,
Person search,2018-02-05T22:45:00+00:00,,,52.609006,-1.198217,Male,18-24,White - English/Welsh/Scottish/Northern Irish/British,White,Misuse of Drugs Act 1971 (section 23),Controlled drugs,Offender given drugs possession warning,,
Person search,2018-02-06T17:45:00+00:00,,,52.659977,-1.134050,Male,18-24,White - English/Welsh/Scottish/Northern Irish/British,White,Misuse of Drugs Act 1971 (section 23),Controlled drugs,Nothing found - no further action,,
Person search,2018-02-06T18:00:00+00:00,,,52.598736,-1.178015,Male,25-34,White - English/Welsh/Scottish/Northern Irish/British,White,Police and Criminal Evidence Act 1984 (section 1),Stolen goods,Nothing found - no further action,,
Person search,2018-02-07T00:30:00+00:00,,,52.784143,-1.233063,Male,25-34,White - English/Welsh/Scottish/Northern Irish/British,White,Misuse of Drugs Act 1971 (section 23),Controlled drugs,Nothing found - no further action,,
Person search,2018-02-07T00:36:00+00:00,,,52.784143,-1.233063,Male,over 34,White - English/Welsh/Scottish/Northern Irish/British,White,Misuse of Drugs Act 1971 (section 23),Controlled drugs,Nothing found - no further action,,
Person search,2018-02-07T14:20:00+00:00,,,52.659109,-1.063662,Male,,White - English/Welsh/Scottish/Northern Irish/British,White,Police and Criminal Evidence Act 1984 (section 1),Article for use in theft,Suspect arrested,,
Person search,2018-02-07T17:00:00+00:00,,,52.774988,-1.199841,Male,over 34,White - English/Welsh/Scottish/Northern Irish/British,White,Police and Criminal Evidence Act 1984 (section 1),Controlled drugs,Nothing found - no further action,,
Person search,2018-02-07T17:55:00+00:00,,,52.659977,-1.134050,Male,25-34,White - English/Welsh/Scottish/Northern Irish/British,White,Misuse of Drugs Act 1971 (section 23),Controlled drugs,Nothing found - no further action,,
Person search,2018-02-07T18:19:00+00:00,,,52.771879,-1.194769,Male,18-24,White - English/Welsh/Scottish/Northern Irish/British,White,Misuse of Drugs Act 1971 (section 23),Controlled drugs,Suspect arrested,,
Person search,2018-02-07T18:30:00+00:00,,,52.628789,-1.133764,Male,over 34,Black/African/Caribbean/Black British - Any other Black/African/Caribbean background,Black,Misuse of Drugs Act 1971 (section 23),Controlled drugs,Nothing found - no further action,,
Person search,2018-02-07T19:40:00+00:00,,,52.627664,-1.149757,Male,over 34,Asian/Asian British - Any other Asian background,Asian,Misuse of Drugs Act 1971 (section 23),Controlled drugs,Local resolution,,
Person search,2018-02-07T19:55:00+00:00,,,52.777098,-1.215635,Male,25-34,White - English/Welsh/Scottish/Northern Irish/British,White,Police and Criminal Evidence Act 1984 (section 1),Stolen goods,Nothing found - no further action,,
Person search,2018-02-07T22:40:00+00:00,,,52.626216,-1.147215,Male,10-17,White - English/Welsh/Scottish/Northern Irish/British,White,Police and Criminal Evidence Act 1984 (section 1),Offensive weapons,Suspect arrested,,
Person search,2018-02-07T23:22:00+00:00,,,52.637674,-1.147819,Male,over 34,White - Any other White background,White,Police and Criminal Evidence Act 1984 (section 1),Stolen goods,Local resolution,,
Person search,2018-02-08T15:20:00+00:00,,,52.660952,-1.157081,Male,25-34,White - English/Welsh/Scottish/Northern Irish/British,White,Misuse of Drugs Act 1971 (section 23),Controlled drugs,Local resolution,,
Person search,2018-02-08T16:54:00+00:00,,,52.774966,-1.199219,Female,over 34,White - English/Welsh/Scottish/Northern Irish/British,White,Police and Criminal Evidence Act 1984 (section 1),Offensive weapons,Nothing found - no further action,,
Person search,2018-02-08T17:10:00+00:00,,,52.771510,-1.206768,Male,over 34,White - English/Welsh/Scottish/Northern Irish/British,White,Police and Criminal Evidence Act 1984 (section 1),Stolen goods,Nothing found - no further action,,
Person search,2018-02-08T20:00:00+00:00,,,52.635767,-1.135267,Male,18-24,White - English/Welsh/Scottish/Northern Irish/British,White,Police and Criminal Evidence Act 1984 (section 1),Article for use in theft,Nothing found - no further action,,
Person search,2018-02-08T21:00:00+00:00,,,52.772565,-1.200538,Male,18-24,Black/African/Caribbean/Black British - African,Black,Misuse of Drugs Act 1971 (section 23),Controlled drugs,Suspect arrested,,
Person search,2018-02-08T21:15:00+00:00,,,52.769933,-1.199385,Male,18-24,Black/African/Caribbean/Black British - Caribbean,Black,Misuse of Drugs Act 1971 (section 23),Controlled drugs,Suspect arrested,,
Person search,2018-02-08T21:19:00+00:00,,,52.772565,-1.200538,Male,18-24,Black/African/Caribbean/Black British - African,Black,Misuse of Drugs Act 1971 (section 23),Controlled drugs,Suspect arrested,,
Person search,2018-02-08T21:35:00+00:00,,,52.634765,-1.147122,Male,25-34,White - Any other White background,White,Misuse of Drugs Act 1971 (section 23),Stolen goods,Nothing found - no further action,,
Person search,2018-02-09T00:55:00+00:00,,,52.579638,-1.305289,Male,18-24,White - English/Welsh/Scottish/Northern Irish/British,White,Police and Criminal Evidence Act 1984 (section 1),Stolen goods,Nothing found - no further action,,
Person search,2018-02-09T08:48:00+00:00,,,52.696394,-1.340771,Female,,White - English/Welsh/Scottish/Northern Irish/British,White,Police and Criminal Evidence Act 1984 (section 1),Stolen goods,Nothing found - no further action,,
Person search,2018-02-09T21:20:00+00:00,,,52.635448,-1.102040,Male,18-24,Asian/Asian British - Any other Asian background,Asian,Misuse of Drugs Act 1971 (section 23),Controlled drugs,Suspect arrested,,
Person search,2018-02-10T02:05:00+00:00,,,52.761880,-1.284196,Male,18-24,White - English/Welsh/Scottish/Northern Irish/British,White,Misuse of Drugs Act 1971 (section 23),Controlled drugs,Nothing found - no further action,,
Person search,2018-02-10T02:55:00+00:00,,,52.643121,-1.148955,Male,,White - English/Welsh/Scottish/Northern Irish/British,White,Police and Criminal Evidence Act 1984 (section 1),Stolen goods,Nothing found - no further action,,
Person search,2018-02-10T03:45:00+00:00,,,52.541000,-1.373283,Male,over 34,White - English/Welsh/Scottish/Northern Irish/British,White,Misuse of Drugs Act 1971 (section 23),Controlled drugs,Nothing found - no further action,,
Person search,2018-02-10T04:00:00+00:00,,,52.541000,-1.373283,Male,25-34,White - English/Welsh/Scottish/Northern Irish/British,White,Misuse of Drugs Act 1971 (section 23),Controlled drugs,Nothing found - no further action,,
Person search,2018-02-10T19:50:00+00:00,,,52.759006,-1.206758,Male,18-24,White - English/Welsh/Scottish/Northern Irish/British,White,Misuse of Drugs Act 1971 (section 23),Controlled drugs,Offender given drugs possession warning,,
Person search,2018-02-10T19:50:00+00:00,,,52.759006,-1.206758,Male,25-34,White - English/Welsh/Scottish/Northern Irish/British,White,Misuse of Drugs Act 1971 (section 23),Controlled drugs,Nothing found - no further action,,
Person search,2018-02-10T23:55:00+00:00,,,52.628804,-1.129716,Male,over 34,Black/African/Caribbean/Black British - Caribbean,White,Police and Criminal Evidence Act 1984 (section 1),Stolen goods,Nothing found - no further action,,
Person search,2018-02-11T01:20:00+00:00,,,52.655351,-1.113918,Male,25-34,Asian/Asian British - Any other Asian background,Asian,Misuse of Drugs Act 1971 (section 23),Controlled drugs,Local resolution,,
Person search,2018-02-11T12:40:00+00:00,,,52.637674,-1.147819,Male,25-34,White - English/Welsh/Scottish/Northern Irish/British,White,Police and Criminal Evidence Act 1984 (section 1),Controlled drugs,Nothing found - no further action,,
Person search,2018-02-11T12:40:00+00:00,,,52.637674,-1.147819,Male,over 34,White - English/Welsh/Scottish/Northern Irish/British,White,Police and Criminal Evidence Act 1984 (section 1),Controlled drugs,Nothing found - no further action,,
Person search,2018-02-11T23:50:00+00:00,,,52.774894,-1.220789,Male,10-17,White - English/Welsh/Scottish/Northern Irish/British,Asian,Police and Criminal Evidence Act 1984 (section 1),Article for use in theft,Nothing found - no further action,,
Person search,2018-02-12T14:40:00+00:00,,,52.626564,-1.118606,Male,25-34,Mixed/Multiple ethnic groups - White and Black Caribbean,Black,Police and Criminal Evidence Act 1984 (section 1),Offensive weapons,Suspect arrested,,
Person search,2018-02-12T17:34:00+00:00,,,52.632002,-1.112350,Male,,White - English/Welsh/Scottish/Northern Irish/British,White,Misuse of Drugs Act 1971 (section 23),Controlled drugs,Nothing found - no further action,,
Person search,2018-02-12T19:20:00+00:00,,,52.635598,-1.129330,Female,25-34,White - English/Welsh/Scottish/Northern Irish/British,White,Misuse of Drugs Act 1971 (section 23),Controlled drugs,Nothing found - no further action,,
Person search,2018-02-12T21:10:00+00:00,,,52.631151,-1.121247,Male,18-24,White - English/Welsh/Scottish/Northern Irish/British,White,Misuse of Drugs Act 1971 (section 23),Controlled drugs,Nothing found - no further action,,
Person search,2018-02-13T12:15:00+00:00,,,52.638114,-1.152747,Male,25-34,White - English/Welsh/Scottish/Northern Irish/British,White,Police and Criminal Evidence Act 1984 (section 1),Controlled drugs,Suspect arrested,,
Person search,2018-02-13T21:15:00+00:00,,,52.631151,-1.121247,Male,18-24,Other ethnic group - Not stated,Asian,Misuse of Drugs Act 1971 (section 23),Controlled drugs,Suspect arrested,,
Person search,2018-02-13T21:25:00+00:00,,,52.631151,-1.121247,Male,18-24,Asian/Asian British - Indian,Asian,Police and Criminal Evidence Act 1984 (section 1),Controlled drugs,Suspect arrested,,
Person search,2018-02-13T21:30:00+00:00,,,52.567518,-1.055670,Male,18-24,Asian/Asian British - Indian,Asian,Misuse of Drugs Act 1971 (section 23),Controlled drugs,Nothing found - no further action,,
Person search,2018-02-13T21:30:00+00:00,,,52.566217,-1.061569,Male,18-24,Other ethnic group - Not stated,Asian,Misuse of Drugs Act 1971 (section 23),Controlled drugs,Nothing found - no further action,,
Person search,2018-02-15T18:40:00+00:00,,,52.647116,-1.182592,Male,18-24,Black/African/Caribbean/Black British - Caribbean,Black,Police and Criminal Evidence Act 1984 (section 1),Offensive weapons,Nothing found - no further action,,
Person search,2018-02-15T19:13:00+00:00,,,52.647116,-1.182592,Male,18-24,Black/African/Caribbean/Black British - Caribbean,Black,Misuse of Drugs Act 1971 (section 23),Controlled drugs,Suspect arrested,,
Person search,2018-02-15T20:00:00+00:00,,,52.660223,-1.125913,Male,18-24,Asian/Asian British - Indian,Asian,Misuse of Drugs Act 1971 (section 23),Controlled drugs,Nothing found - no further action,,
Person search,2018-02-15T20:00:00+00:00,,,52.660223,-1.125913,Male,18-24,Asian/Asian British - Indian,Asian,Misuse of Drugs Act 1971 (section 23),Controlled drugs,Nothing found - no further action,,
Person search,2018-02-15T20:00:00+00:00,,,52.660223,-1.125913,Male,18-24,Asian/Asian British - Indian,Asian,Misuse of Drugs Act 1971 (section 23),Controlled drugs,Nothing found - no further action,,
Person search,2018-02-15T20:00:00+00:00,,,52.660223,-1.125913,Male,18-24,Asian/Asian British - Indian,Asian,Misuse of Drugs Act 1971 (section 23),Controlled drugs,Nothing found - no further action,,
Person search,2018-02-16T19:10:00+00:00,,,52.620053,-1.141500,Male,10-17,White - English/Welsh/Scottish/Northern Irish/British,White,Police and Criminal Evidence Act 1984 (section 1),Evidence of offences under the Act,Nothing found - no further action,,
Person search,2018-02-16T22:55:00+00:00,,,52.631238,-1.119635,Male,over 34,Black/African/Caribbean/Black British - Any other Black/African/Caribbean background,Black,Police and Criminal Evidence Act 1984 (section 1),Stolen goods,Nothing found - no further action,,
Person search,2018-02-17T00:00:00+00:00,,,52.623907,-1.183069,Male,,White - English/Welsh/Scottish/Northern Irish/British,White,Police and Criminal Evidence Act 1984 (section 1),Stolen goods,Nothing found - no further action,,
Person search,2018-02-17T15:10:00+00:00,,,52.658584,-1.160394,Male,25-34,Black/African/Caribbean/Black British - African,Black,Police and Criminal Evidence Act 1984 (section 1),Stolen goods,Suspect arrested,,
Person search,2018-02-17T16:50:00+00:00,,,52.660561,-1.205835,Male,18-24,White - English/Welsh/Scottish/Northern Irish/British,White,Misuse of Drugs Act 1971 (section 23),Controlled drugs,Nothing found - no further action,,
Person search,2018-02-17T16:50:00+00:00,,,52.660561,-1.205835,Male,18-24,Black/African/Caribbean/Black British - Any other Black/African/Caribbean background,Black,Misuse of Drugs Act 1971 (section 23),Controlled drugs,Local resolution,,
Person search,2018-02-17T16:52:00+00:00,,,52.647811,-1.162433,Male,18-24,White - Any other White background,White,Misuse of Drugs Act 1971 (section 23),Controlled drugs,Nothing found - no further action,,
Person search,2018-02-17T20:31:00+00:00,,,52.630803,-1.104839,Male,10-17,Asian/Asian British - Pakistani,Asian,Police and Criminal Evidence Act 1984 (section 1),Stolen goods,Nothing found - no further action,,
Person search,2018-02-17T20:31:00+00:00,,,52.630803,-1.104839,Male,10-17,Asian/Asian British - Pakistani,Asian,Police and Criminal Evidence Act 1984 (section 1),Stolen goods,Nothing found - no further action,,
Person search,2018-02-17T21:25:00+00:00,,,52.772565,-1.200538,Male,over 34,White - English/Welsh/Scottish/Northern Irish/British,White,Misuse of Drugs Act 1971 (section 23),Controlled drugs,Nothing found - no further action,,
Person search,2018-02-18T00:00:00+00:00,,,52.623907,-1.183069,Male,25-34,White - English/Welsh/Scottish/Northern Irish/British,White,Police and Criminal Evidence Act 1984 (section 1),Stolen goods,Nothing found - no further action,,
Person search,2018-02-18T00:00:00+00:00,,,52.623907,-1.183069,Male,18-24,White - English/Welsh/Scottish/Northern Irish/British,White,Police and Criminal Evidence Act 1984 (section 1),Stolen goods,Nothing found - no further action,,
Person search,2018-02-18T06:30:00+00:00,,,52.603102,-1.174936,Male,25-34,White - Any other White background,White,Misuse of Drugs Act 1971 (section 23),Controlled drugs,Nothing found - no further action,,
Person search,2018-02-18T21:22:00+00:00,,,52.626675,-1.086885,Male,25-34,White - English/Welsh/Scottish/Northern Irish/British,White,Police and Criminal Evidence Act 1984 (section 1),Stolen goods,Suspect arrested,,
Person search,2018-02-18T22:27:00+00:00,,,52.634496,-1.077590,Male,over 34,White - English/Welsh/Scottish/Northern Irish/British,White,Police and Criminal Evidence Act 1984 (section 1),Offensive weapons,Suspect arrested,,
Person search,2018-02-19T01:50:00+00:00,,,52.634379,-1.132294,Male,18-24,White - English/Welsh/Scottish/Northern Irish/British,White,Police and Criminal Evidence Act 1984 (section 1),Offensive weapons,Nothing found - no further action,,
Person search,2018-02-19T02:50:00+00:00,,,52.782159,-1.234937,Male,18-24,Other ethnic group - Not stated,Black,Police and Criminal Evidence Act 1984 (section 1),Article for use in theft,Nothing found - no further action,,
Person search,2018-02-19T10:30:00+00:00,,,52.636524,-1.190237,Male,18-24,White - English/Welsh/Scottish/Northern Irish/British,White,Police and Criminal Evidence Act 1984 (section 1),Offensive weapons,Suspect arrested,,
Person search,2018-02-19T20:10:00+00:00,,,52.762654,-1.191931,Male,10-17,White - English/Welsh/Scottish/Northern Irish/British,White,Misuse of Drugs Act 1971 (section 23),Controlled drugs,Suspect arrested,,
Person search,2018-02-19T20:40:00+00:00,,,52.633655,-1.118286,Male,10-17,White - English/Welsh/Scottish/Northern Irish/British,White,Police and Criminal Evidence Act 1984 (section 1),Stolen goods,Suspect arrested,,
Person search,2018-02-20T14:45:00+00:00,,,52.631718,-1.126171,Male,10-17,White - English/Welsh/Scottish/Northern Irish/British,Asian,Police and Criminal Evidence Act 1984 (section 1),Controlled drugs,Suspect arrested,,
Person search,2018-02-20T17:15:00+00:00,,,52.769624,-1.200295,Male,18-24,White - English/Welsh/Scottish/Northern Irish/British,White,Misuse of Drugs Act 1971 (section 23),Controlled drugs,Nothing found - no further action,,
Person search,2018-02-20T17:15:00+00:00,,,52.769624,-1.200295,Male,18-24,White - English/Welsh/Scottish/Northern Irish/British,White,Misuse of Drugs Act 1971 (section 23),Controlled drugs,Suspect arrested,,
Person search,2018-02-20T21:00:00+00:00,,,52.768764,-1.223788,Male,18-24,Black/African/Caribbean/Black British - Caribbean,Black,Misuse of Drugs Act 1971 (section 23),Controlled drugs,Suspect arrested,,
Person search,2018-02-21T13:00:00+00:00,,,52.771510,-1.206768,Female,18-24,White - English/Welsh/Scottish/Northern Irish/British,White,Police and Criminal Evidence Act 1984 (section 1),Evidence of offences under the Act,Nothing found - no further action,,
Person search,2018-02-21T13:00:00+00:00,,,52.771510,-1.206768,Female,10-17,White - English/Welsh/Scottish/Northern Irish/British,White,Police and Criminal Evidence Act 1984 (section 1),Evidence of offences under the Act,Nothing found - no further action,,
Person search,2018-02-22T02:29:00+00:00,,,52.773799,-1.206207,Male,25-34,Mixed/Multiple ethnic groups - Any other Mixed/Multiple ethnic background,White,Police and Criminal Evidence Act 1984 (section 1),Article for use in theft,Nothing found - no further action,,
Person search,2018-02-22T02:29:00+00:00,,,52.773706,-1.204386,Male,25-34,White - Any other White background,White,Police and Criminal Evidence Act 1984 (section 1),Article for use in theft,Nothing found - no further action,,
Person search,2018-02-22T02:29:00+00:00,,,52.773706,-1.204386,Male,25-34,White - Any other White background,White,Police and Criminal Evidence Act 1984 (section 1),Article for use in theft,Nothing found - no further action,,
Person search,2018-02-22T18:30:00+00:00,,,52.624425,-1.097199,Male,18-24,Asian/Asian British - Indian,Asian,Misuse of Drugs Act 1971 (section 23),Controlled drugs,Suspect arrested,,
Person search,2018-02-22T21:30:00+00:00,,,52.593783,-1.079095,Male,18-24,White - English/Welsh/Scottish/Northern Irish/British,White,Misuse of Drugs Act 1971 (section 23),Controlled drugs,Nothing found - no further action,,
Person search,2018-02-22T22:00:00+00:00,,,52.593783,-1.079095,Male,10-17,White - English/Welsh/Scottish/Northern Irish/British,White,Police and Criminal Evidence Act 1984 (section 1),Controlled drugs,Nothing found - no further action,,
Person search,2018-02-23T11:03:00+00:00,,,52.636969,-1.109457,Male,over 34,Asian/Asian British - Indian,Asian,Police and Criminal Evidence Act 1984 (section 1),Stolen goods,Suspect arrested,,
Person search,2018-02-23T11:30:00+00:00,,,52.632572,-1.098597,Male,over 34,Other ethnic group - Not stated,Asian,Police and Criminal Evidence Act 1984 (section 1),Article for use in theft,Nothing found - no further action,,
Person search,2018-02-23T12:50:00+00:00,,,52.634369,-1.117533,Other,,Other ethnic group - Any other ethnic group,Other,Police and Criminal Evidence Act 1984 (section 1),Offensive weapons,Nothing found - no further action,,
Person search,2018-02-23T15:00:00+00:00,,,52.629835,-1.133005,Male,over 34,White - English/Welsh/Scottish/Northern Irish/British,White,Misuse of Drugs Act 1971 (section 23),Controlled drugs,Nothing found - no further action,,
Person search,2018-02-23T22:15:00+00:00,,,52.632591,-1.126360,Male,25-34,White - English/Welsh/Scottish/Northern Irish/British,White,Misuse of Drugs Act 1971 (section 23),Controlled drugs,Nothing found - no further action,,
Person search,2018-02-23T22:15:00+00:00,,,52.632591,-1.126360,Male,25-34,White - English/Welsh/Scottish/Northern Irish/British,White,Misuse of Drugs Act 1971 (section 23),Controlled drugs,Nothing found - no further action,,
Person search,2018-02-24T01:30:00+00:00,,,52.640458,-1.128879,Male,18-24,Asian/Asian British - Indian,Asian,Misuse of Drugs Act 1971 (section 23),Controlled drugs,Nothing found - no further action,,
Person search,2018-02-24T01:30:00+00:00,,,52.640458,-1.128879,Male,18-24,Asian/Asian British - Indian,Asian,Misuse of Drugs Act 1971 (section 23),Controlled drugs,Nothing found - no further action,,
Person search,2018-02-24T01:30:00+00:00,,,52.640458,-1.128879,Male,18-24,Asian/Asian British - Indian,Asian,Misuse of Drugs Act 1971 (section 23),Controlled drugs,Local resolution,,
Person search,2018-02-24T01:30:00+00:00,,,52.640458,-1.128879,Male,10-17,Asian/Asian British - Indian,Asian,Misuse of Drugs Act 1971 (section 23),Controlled drugs,Local resolution,,
Person search,2018-02-24T01:47:00+00:00,,,52.604915,-1.099254,Male,18-24,Black/African/Caribbean/Black British - Caribbean,Black,Police and Criminal Evidence Act 1984 (section 1),Stolen goods,Suspect arrested,,
Person search,2018-02-24T11:00:00+00:00,,,52.699272,-1.073369,Male,10-17,Black/African/Caribbean/Black British - Caribbean,Black,Misuse of Drugs Act 1971 (section 23),Controlled drugs,Suspect arrested,,
Person search,2018-02-24T23:07:00+00:00,,,52.663302,-1.103614,Male,18-24,Black/African/Caribbean/Black British - African,Other,Police and Criminal Evidence Act 1984 (section 1),Article for use in theft,Nothing found - no further action,,
Person search,2018-02-25T02:50:00+00:00,,,52.629909,-1.132073,Male,18-24,Other ethnic group - Not stated,White,Police and Criminal Evidence Act 1984 (section 1),Offensive weapons,Nothing found - no further action,,
Person search,2018-02-25T15:30:00+00:00,,,52.640956,-1.099341,Male,10-17,Asian/Asian British - Indian,Asian,Police and Criminal Evidence Act 1984 (section 1),Offensive weapons,Nothing found - no further action,,
Person search,2018-02-25T15:40:00+00:00,,,52.764539,-0.884312,Male,over 34,White - English/Welsh/Scottish/Northern Irish/British,White,Police and Criminal Evidence Act 1984 (section 1),Stolen goods,Nothing found - no further action,,
Person search,2018-02-25T16:47:00+00:00,,,52.603364,-1.157271,Male,over 34,White - English/Welsh/Scottish/Northern Irish/British,White,Police and Criminal Evidence Act 1984 (section 1),Article for use in theft,Suspect arrested,,
Person search,2018-02-26T11:30:00+00:00,,,52.648553,-1.140484,Male,10-17,Other ethnic group - Not stated,Asian,Misuse of Drugs Act 1971 (section 23),Controlled drugs,Nothing found - no further action,,
Person search,2018-02-26T11:34:00+00:00,,,52.639559,-1.136271,Male,10-17,White - Any other White background,White,Misuse of Drugs Act 1971 (section 23),Controlled drugs,Nothing found - no further action,,
Person search,2018-02-26T11:40:00+00:00,,,52.646092,-1.143281,Male,10-17,Asian/Asian British - Any other Asian background,Asian,Firearms Act 1968 (section 47),Controlled drugs,Nothing found - no further action,,
Person search,2018-02-26T14:40:00+00:00,,,52.634407,-1.133653,Male,25-34,White - English/Welsh/Scottish/Northern Irish/British,White,Police and Criminal Evidence Act 1984 (section 1),Stolen goods,Suspect arrested,,
Person search,2018-02-26T16:35:00+00:00,,,52.754233,-1.202903,Male,over 34,White - English/Welsh/Scottish/Northern Irish/British,White,Misuse of Drugs Act 1971 (section 23),Controlled drugs,Nothing found - no further action,,
Person search,2018-02-26T19:36:00+00:00,,,52.616428,-1.096521,Male,18-24,Other ethnic group - Not stated,White,Police and Criminal Evidence Act 1984 (section 1),Article for use in theft,Nothing found - no further action,,
Person search,2018-02-26T19:36:00+00:00,,,52.616428,-1.096521,Male,over 34,Other ethnic group - Not stated,White,Police and Criminal Evidence Act 1984 (section 1),Article for use in theft,Nothing found - no further action,,
Person search,2018-02-26T21:55:00+00:00,,,52.633909,-1.194290,Male,,White - English/Welsh/Scottish/Northern Irish/British,White,Police and Criminal Evidence Act 1984 (section 1),Stolen goods,Nothing found - no further action,,
Person search,2018-02-27T08:35:00+00:00,,,52.632277,-1.117885,Male,10-17,Other ethnic group - Not stated,Asian,Misuse of Drugs Act 1971 (section 23),Controlled drugs,Nothing found - no further action,,
Person search,2018-02-27T08:40:00+00:00,,,52.633192,-1.117719,Male,,Asian/Asian British - Any other Asian background,Asian,Misuse of Drugs Act 1971 (section 23),Controlled drugs,Nothing found - no further action,,
Person search,2018-02-27T15:35:00+00:00,,,52.718899,-1.369449,Male,10-17,White - English/Welsh/Scottish/Northern Irish/British,White,Misuse of Drugs Act 1971 (section 23),Controlled drugs,Nothing found - no further action,,
Person search,2018-02-28T03:07:00+00:00,,,52.626065,-1.137497,Male,25-34,White - English/Welsh/Scottish/Northern Irish/British,White,Police and Criminal Evidence Act 1984 (section 1),Offensive weapons,Nothing found - no further action,,
