Type,Date,Part of a policing operation,Policing operation,Latitude,Longitude,Gender,Age range,Self-defined ethnicity,Officer-defined ethnicity,Legislation,Object of search,Outcome,Outcome linked to object of search,Removal of more than just outer clothing
Person search,2018-01-01T01:05:00+00:00,,,52.641197,-1.129100,Male,18-24,White - English/Welsh/Scottish/Northern Irish/British,White,Police and Criminal Evidence Act 1984 (section 1),Offensive weapons,Nothing found - no further action,,
Person search,2018-01-01T02:20:00+00:00,,,52.636721,-1.132898,Male,18-24,Black/African/Caribbean/Black British - African,Black,Police and Criminal Evidence Act 1984 (section 1),Offensive weapons,Nothing found - no further action,,
Person search,2018-01-01T16:35:00+00:00,,,52.642557,-1.125807,Male,over 34,Black/African/Caribbean/Black British - Any other Black/African/Caribbean background,Black,Police and Criminal Evidence Act 1984 (section 1),Offensive weapons,Nothing found - no further action,,
Person search,2018-01-02T00:01:00+00:00,,,52.771510,-1.206768,Male,over 34,White - English/Welsh/Scottish/Northern Irish/British,White,Police and Criminal Evidence Act 1984 (section 1),Article for use in theft,Suspect arrested,,
Person search,2018-01-02T00:20:00+00:00,,,52.637465,-1.141233,Male,over 34,Asian/Asian British - Any other Asian background,Asian,Police and Criminal Evidence Act 1984 (section 1),Stolen goods,Suspect arrested,,
Person search,2018-01-02T21:08:00+00:00,,,52.751595,-1.253399,Male,18-24,Other ethnic group - Not stated,Asian,Misuse of Drugs Act 1971 (section 23),Controlled drugs,Local resolution,,
Person search,2018-01-03T02:25:00+00:00,,,52.646361,-1.072773,Male,18-24,Asian/Asian British - Indian,Asian,Police and Criminal Evidence Act 1984 (section 1),Controlled drugs,Local resolution,,
Person search,2018-01-03T11:20:00+00:00,,,52.632277,-1.117885,Male,18-24,Asian/Asian British - Any other Asian background,Asian,Misuse of Drugs Act 1971 (section 23),Controlled drugs,Nothing found - no further action,,
Person search,2018-01-03T11:20:00+00:00,,,52.632277,-1.117885,Male,18-24,Asian/Asian British - Any other Asian background,Asian,Misuse of Drugs Act 1971 (section 23),Controlled drugs,Suspect arrested,,
Person search,2018-01-03T13:21:00+00:00,,,52.772182,-1.210402,Female,over 34,White - English/Welsh/Scottish/Northern Irish/British,White,Police and Criminal Evidence Act 1984 (section 1),Stolen goods,Suspect arrested,,
Person search,2018-01-03T20:16:00+00:00,,,52.588258,-1.117397,Male,25-34,White - English/Welsh/Scottish/Northern Irish/British,White,Misuse of Drugs Act 1971 (section 23),Controlled drugs,Local resolution,,
Person search,2018-01-04T19:46:00+00:00,,,52.641734,-1.137336,Male,25-34,White - English/Welsh/Scottish/Northern Irish/British,White,Misuse of Drugs Act 1971 (section 23),Controlled drugs,Nothing found - no further action,,
Person search,2018-01-04T20:00:00+00:00,,,52.635982,-1.108457,Male,over 34,Asian/Asian British - Any other Asian background,Asian,Misuse of Drugs Act 1971 (section 23),Controlled drugs,Nothing found - no further action,,
Person search,2018-01-04T21:20:00+00:00,,,52.749584,-1.477408,Male,10-17,White - English/Welsh/Scottish/Northern Irish/British,White,Police and Criminal Evidence Act 1984 (section 1),Stolen goods,Nothing found - no further action,,
Person search,2018-01-04T21:30:00+00:00,,,52.749857,-1.476249,Male,10-17,White - English/Welsh/Scottish/Northern Irish/British,White,Police and Criminal Evidence Act 1984 (section 1),Stolen goods,Nothing found - no further action,,
Person search,2018-01-04T21:30:00+00:00,,,52.747771,-1.476096,Male,10-17,White - English/Welsh/Scottish/Northern Irish/British,White,Police and Criminal Evidence Act 1984 (section 1),Stolen goods,Nothing found - no further action,,
Person search,2018-01-04T21:30:00+00:00,,,52.749857,-1.476249,Male,10-17,White - English/Welsh/Scottish/Northern Irish/British,White,Police and Criminal Evidence Act 1984 (section 1),Stolen goods,Nothing found - no further action,,
Person search,2018-01-04T21:30:00+00:00,,,52.648389,-1.182095,Male,over 34,White - English/Welsh/Scottish/Northern Irish/British,White,Misuse of Drugs Act 1971 (section 23),Controlled drugs,Suspect arrested,,
Person search,2018-01-04T21:30:00+00:00,,,52.749584,-1.477408,Male,10-17,White - English/Welsh/Scottish/Northern Irish/British,White,Police and Criminal Evidence Act 1984 (section 1),Stolen goods,Nothing found - no further action,,
Person search,2018-01-05T12:55:00+00:00,,,52.747638,-1.444810,Male,18-24,White - English/Welsh/Scottish/Northern Irish/British,White,Misuse of Drugs Act 1971 (section 23),Controlled drugs,Nothing found - no further action,,
Person search,2018-01-05T14:20:00+00:00,,,52.641143,-1.107406,Male,18-24,Other ethnic group - Not stated,Black,Misuse of Drugs Act 1971 (section 23),Controlled drugs,Nothing found - no further action,,
Person search,2018-01-05T14:20:00+00:00,,,52.641143,-1.107406,Male,10-17,Black/African/Caribbean/Black British - Any other Black/African/Caribbean background,Black,Misuse of Drugs Act 1971 (section 23),Controlled drugs,Nothing found - no further action,,
Person search,2018-01-05T14:20:00+00:00,,,52.641143,-1.107406,Male,10-17,Asian/Asian British - Pakistani,Asian,Misuse of Drugs Act 1971 (section 23),Controlled drugs,Nothing found - no further action,,
Person search,2018-01-05T18:01:00+00:00,,,52.566944,-1.346386,Male,10-17,White - English/Welsh/Scottish/Northern Irish/British,White,Police and Criminal Evidence Act 1984 (section 1),Offensive weapons,Nothing found - no further action,,
Person search,2018-01-05T18:01:00+00:00,,,52.566944,-1.346386,Male,10-17,White - Any other White background,White,Police and Criminal Evidence Act 1984 (section 1),Offensive weapons,Nothing found - no further action,,
Person search,2018-01-05T23:30:00+00:00,,,52.636395,-1.378940,Male,18-24,White - English/Welsh/Scottish/Northern Irish/British,White,Misuse of Drugs Act 1971 (section 23),Controlled drugs,Local resolution,,
Person search,2018-01-05T23:30:00+00:00,,,52.636395,-1.378940,Male,18-24,White - English/Welsh/Scottish/Northern Irish/British,White,Misuse of Drugs Act 1971 (section 23),Controlled drugs,Nothing found - no further action,,
Person search,2018-01-06T00:40:00+00:00,,,52.772996,-1.203079,Male,over 34,White - English/Welsh/Scottish/Northern Irish/British,White,Police and Criminal Evidence Act 1984 (section 1),Offensive weapons,Nothing found - no further action,,
Person search,2018-01-06T01:30:00+00:00,,,52.764139,-0.885790,Male,over 34,White - English/Welsh/Scottish/Northern Irish/British,White,Police and Criminal Evidence Act 1984 (section 1),Stolen goods,Nothing found - no further action,,
Person search,2018-01-06T03:55:00+00:00,,,52.769611,-1.207721,Male,25-34,White - Any other White background,White,Police and Criminal Evidence Act 1984 (section 1),Stolen goods,Nothing found - no further action,,
Person search,2018-01-06T18:25:00+00:00,,,52.631611,-1.122612,Male,over 34,White - English/Welsh/Scottish/Northern Irish/British,White,Police and Criminal Evidence Act 1984 (section 1),Offensive weapons,Suspect arrested,,
Person search,2018-01-06T20:10:00+00:00,,,52.638315,-1.190470,Male,18-24,White - Any other White background,White,Police and Criminal Evidence Act 1984 (section 1),Offensive weapons,Suspect arrested,,
Person search,2018-01-06T20:10:00+00:00,,,52.638315,-1.190470,Male,10-17,White - Any other White background,White,Police and Criminal Evidence Act 1984 (section 1),Stolen goods,Suspect arrested,,
Person search,2018-01-06T20:12:00+00:00,,,52.648587,-1.179594,Male,10-17,White - Any other White background,White,Police and Criminal Evidence Act 1984 (section 1),Stolen goods,Suspect arrested,,
Person search,2018-01-06T21:30:00+00:00,,,52.628789,-1.133764,Male,over 34,White - English/Welsh/Scottish/Northern Irish/British,White,Misuse of Drugs Act 1971 (section 23),Controlled drugs,Nothing found - no further action,,
Person search,2018-01-07T19:10:00+00:00,,,52.680155,-1.124894,Male,over 34,White - English/Welsh/Scottish/Northern Irish/British,White,Police and Criminal Evidence Act 1984 (section 1),Stolen goods,Nothing found - no further action,,
Person search,2018-01-07T19:15:00+00:00,,,52.680155,-1.124894,Male,,Other ethnic group - Not stated,White,Police and Criminal Evidence Act 1984 (section 1),Stolen goods,Nothing found - no further action,,
Person search,2018-01-07T20:15:00+00:00,,,52.645022,-1.177532,Male,over 34,White - English/Welsh/Scottish/Northern Irish/British,White,Police and Criminal Evidence Act 1984 (section 1),Offensive weapons,Suspect arrested,,
Person search,2018-01-07T20:20:00+00:00,,,52.643648,-1.181696,Male,10-17,White - English/Welsh/Scottish/Northern Irish/British,White,Police and Criminal Evidence Act 1984 (section 1),Offensive weapons,Suspect arrested,,
Person search,2018-01-07T23:30:00+00:00,,,52.628929,-1.122326,Female,25-34,White - English/Welsh/Scottish/Northern Irish/British,White,Police and Criminal Evidence Act 1984 (section 1),Offensive weapons,Suspect arrested,,
Person search,2018-01-08T09:00:00+00:00,,,52.766768,-0.888139,Male,,White - English/Welsh/Scottish/Northern Irish/British,White,Police and Criminal Evidence Act 1984 (section 1),Stolen goods,Nothing found - no further action,,
Person search,2018-01-08T09:45:00+00:00,,,52.766768,-0.888139,Male,18-24,Other ethnic group - Not stated,White,Police and Criminal Evidence Act 1984 (section 1),Stolen goods,Nothing found - no further action,,
Person search,2018-01-08T14:25:00+00:00,,,52.623411,-1.079847,Male,25-34,Mixed/Multiple ethnic groups - Any other Mixed/Multiple ethnic background,Other,Police and Criminal Evidence Act 1984 (section 1),Article for use in theft,Suspect arrested,,
Person search,2018-01-08T14:25:00+00:00,,,52.623411,-1.079847,Male,10-17,White - English/Welsh/Scottish/Northern Irish/British,White,Police and Criminal Evidence Act 1984 (section 1),Article for use in theft,Nothing found - no further action,,
Person search,2018-01-09T00:45:00+00:00,,,52.631238,-1.119635,Male,18-24,Asian/Asian British - Bangladeshi,Asian,Misuse of Drugs Act 1971 (section 23),Controlled drugs,Local resolution,,
Person search,2018-01-09T19:00:00+00:00,,,52.637636,-1.127708,Male,10-17,White - English/Welsh/Scottish/Northern Irish/British,White,Police and Criminal Evidence Act 1984 (section 1),Stolen goods,Nothing found - no further action,,
Person search,2018-01-10T10:30:00+00:00,,,52.623861,-1.112973,Male,25-34,Other ethnic group - Not stated,White,Misuse of Drugs Act 1971 (section 23),Controlled drugs,Nothing found - no further action,,
Person search,2018-01-10T14:10:00+00:00,,,52.633018,-1.113674,Male,25-34,Other ethnic group - Not stated,Asian,Misuse of Drugs Act 1971 (section 23),Controlled drugs,Nothing found - no further action,,
Person search,2018-01-10T17:00:00+00:00,,,52.641197,-1.129100,Male,25-34,Asian/Asian British - Indian,Asian,Misuse of Drugs Act 1971 (section 23),Controlled drugs,Local resolution,,
Person search,2018-01-10T18:03:00+00:00,,,52.659165,-1.164966,Male,25-34,White - English/Welsh/Scottish/Northern Irish/British,White,Misuse of Drugs Act 1971 (section 23),Controlled drugs,Nothing found - no further action,,
Person search,2018-01-10T18:10:00+00:00,,,52.659165,-1.164966,Male,over 34,White - English/Welsh/Scottish/Northern Irish/British,White,Misuse of Drugs Act 1971 (section 23),Controlled drugs,Nothing found - no further action,,
Person search,2018-01-11T02:50:00+00:00,,,52.770082,-1.204259,Male,18-24,Asian/Asian British - Any other Asian background,Asian,Misuse of Drugs Act 1971 (section 23),Controlled drugs,Local resolution,,
Person search,2018-01-11T03:55:00+00:00,,,52.622920,-1.158949,Male,25-34,White - English/Welsh/Scottish/Northern Irish/British,White,Police and Criminal Evidence Act 1984 (section 1),Article for use in theft,Suspect arrested,,
Person search,2018-01-11T04:00:00+00:00,,,52.630562,-1.153971,Male,25-34,White - English/Welsh/Scottish/Northern Irish/British,White,Police and Criminal Evidence Act 1984 (section 1),Stolen goods,Suspect arrested,,
Person search,2018-01-11T13:20:00+00:00,,,52.772708,-1.209829,Male,over 34,White - English/Welsh/Scottish/Northern Irish/British,White,Police and Criminal Evidence Act 1984 (section 1),Stolen goods,Nothing found - no further action,,
Person search,2018-01-11T15:40:00+00:00,,,52.765138,-0.883008,Male,25-34,Other ethnic group - Any other ethnic group,Other,Police and Criminal Evidence Act 1984 (section 1),Stolen goods,Nothing found - no further action,,
Person search,2018-01-11T15:40:00+00:00,,,52.765138,-0.883008,Male,18-24,Other ethnic group - Any other ethnic group,Other,Police and Criminal Evidence Act 1984 (section 1),Stolen goods,Nothing found - no further action,,
Person search,2018-01-12T11:00:00+00:00,,,52.633145,-1.129511,Male,over 34,White - English/Welsh/Scottish/Northern Irish/British,White,Police and Criminal Evidence Act 1984 (section 1),Stolen goods,Nothing found - no further action,,
Person search,2018-01-12T19:51:00+00:00,,,52.655351,-1.113918,Male,10-17,White - English/Welsh/Scottish/Northern Irish/British,White,Police and Criminal Evidence Act 1984 (section 1),Article for use in theft,Nothing found - no further action,,
Person search,2018-01-12T19:51:00+00:00,,,52.655351,-1.113918,Male,10-17,White - English/Welsh/Scottish/Northern Irish/British,White,Police and Criminal Evidence Act 1984 (section 1),Article for use in theft,Nothing found - no further action,,
Person search,2018-01-13T00:02:00+00:00,,,52.633888,-1.138924,Male,25-34,Mixed/Multiple ethnic groups - White and Black Caribbean,Black,Police and Criminal Evidence Act 1984 (section 1),Offensive weapons,Nothing found - no further action,,
Person search,2018-01-13T12:00:00+00:00,,,52.541743,-1.369306,Male,over 34,White - English/Welsh/Scottish/Northern Irish/British,White,Police and Criminal Evidence Act 1984 (section 1),Offensive weapons,Nothing found - no further action,,
Person search,2018-01-14T01:15:00+00:00,,,52.671672,-1.142515,Male,18-24,Black/African/Caribbean/Black British - African,Black,Misuse of Drugs Act 1971 (section 23),Controlled drugs,Suspect arrested,,
Person search,2018-01-15T20:30:00+00:00,,,52.648204,-1.100730,Male,18-24,Black/African/Caribbean/Black British - Any other Black/African/Caribbean background,Black,Misuse of Drugs Act 1971 (section 23),Controlled drugs,Nothing found - no further action,,
Person search,2018-01-15T21:25:00+00:00,,,52.625560,-1.152206,Male,25-34,White - English/Welsh/Scottish/Northern Irish/British,White,Police and Criminal Evidence Act 1984 (section 1),Offensive weapons,Nothing found - no further action,,
Person search,2018-01-16T19:26:00+00:00,,,52.770264,-1.200580,Male,10-17,White - English/Welsh/Scottish/Northern Irish/British,White,Police and Criminal Evidence Act 1984 (section 1),Offensive weapons,Nothing found - no further action,,
Person search,2018-01-16T20:25:00+00:00,,,52.626063,-1.110387,Male,18-24,White - Any other White background,White,Police and Criminal Evidence Act 1984 (section 1),Offensive weapons,Suspect arrested,,
Person search,2018-01-17T10:45:00+00:00,,,52.772565,-1.200538,Male,18-24,White - English/Welsh/Scottish/Northern Irish/British,White,Misuse of Drugs Act 1971 (section 23),Controlled drugs,Suspect arrested,,
Person search,2018-01-17T11:15:00+00:00,,,52.640716,-1.169795,Male,25-34,White - English/Welsh/Scottish/Northern Irish/British,White,Police and Criminal Evidence Act 1984 (section 1),Controlled drugs,Nothing found - no further action,,
Person search,2018-01-17T11:15:00+00:00,,,52.640716,-1.169795,Male,over 34,White - English/Welsh/Scottish/Northern Irish/British,White,Police and Criminal Evidence Act 1984 (section 1),Controlled drugs,Nothing found - no further action,,
Person search,2018-01-17T12:55:00+00:00,,,52.661101,-1.152731,Male,25-34,Black/African/Caribbean/Black British - African,Black,Misuse of Drugs Act 1971 (section 23),Controlled drugs,Nothing found - no further action,,
Person search,2018-01-18T15:10:00+00:00,,,52.633145,-1.129511,Male,,White - English/Welsh/Scottish/Northern Irish/British,White,Police and Criminal Evidence Act 1984 (section 1),Article for use in theft,Nothing found - no further action,,
Person search,2018-01-19T08:45:00+00:00,,,52.585956,-1.218401,Male,18-24,White - English/Welsh/Scottish/Northern Irish/British,White,Misuse of Drugs Act 1971 (section 23),Controlled drugs,Local resolution,,
Person search,2018-01-19T23:35:00+00:00,,,52.636536,-1.128602,Male,25-34,Other ethnic group - Not stated,Black,Police and Criminal Evidence Act 1984 (section 1),Stolen goods,Nothing found - no further action,,
Person search,2018-01-20T18:20:00+00:00,,,52.638432,-1.129717,Male,10-17,White - English/Welsh/Scottish/Northern Irish/British,White,Police and Criminal Evidence Act 1984 (section 1),Article for use in theft,Nothing found - no further action,,
Person search,2018-01-20T18:45:00+00:00,,,52.660809,-1.166103,Male,18-24,White - English/Welsh/Scottish/Northern Irish/British,White,Misuse of Drugs Act 1971 (section 23),Controlled drugs,Suspect arrested,,
Person search,2018-01-20T22:22:00+00:00,,,52.629797,-1.130272,Male,18-24,White - English/Welsh/Scottish/Northern Irish/British,White,Police and Criminal Evidence Act 1984 (section 1),Offensive weapons,Nothing found - no further action,,
Person search,2018-01-21T17:00:00+00:00,,,52.780021,-1.228214,Male,10-17,White - English/Welsh/Scottish/Northern Irish/British,White,Misuse of Drugs Act 1971 (section 23),Controlled drugs,Nothing found - no further action,,
Person search,2018-01-21T17:00:00+00:00,,,52.780021,-1.228214,Male,10-17,White - English/Welsh/Scottish/Northern Irish/British,White,Misuse of Drugs Act 1971 (section 23),Controlled drugs,Nothing found - no further action,,
Person search,2018-01-21T17:00:00+00:00,,,52.780021,-1.228214,Male,10-17,Other ethnic group - Not stated,Other,Misuse of Drugs Act 1971 (section 23),Controlled drugs,Nothing found - no further action,,
Person search,2018-01-21T18:30:00+00:00,,,52.640715,-1.130854,Male,over 34,Black/African/Caribbean/Black British - African,White,Misuse of Drugs Act 1971 (section 23),Controlled drugs,Suspect arrested,,
Person search,2018-01-21T20:25:00+00:00,,,52.774212,-1.221053,Male,18-24,Asian/Asian British - Any other Asian background,Other,Misuse of Drugs Act 1971 (section 23),Controlled drugs,Nothing found - no further action,,
Person search,2018-01-21T21:15:00+00:00,,,52.641670,-1.111696,Male,18-24,Other ethnic group - Not stated,Black,Police and Criminal Evidence Act 1984 (section 1),Article for use in theft,Nothing found - no further action,,
Person search,2018-01-21T22:50:00+00:00,,,52.540244,-1.374812,Male,18-24,White - English/Welsh/Scottish/Northern Irish/British,White,Police and Criminal Evidence Act 1984 (section 1),Article for use in theft,Suspect arrested,,
Person search,2018-01-22T13:20:00+00:00,,,52.772565,-1.200538,Male,over 34,White - English/Welsh/Scottish/Northern Irish/British,White,Misuse of Drugs Act 1971 (section 23),Controlled drugs,Offender given drugs possession warning,,
Person search,2018-01-22T18:35:00+00:00,,,52.659413,-1.164384,Male,18-24,White - English/Welsh/Scottish/Northern Irish/British,White,Misuse of Drugs Act 1971 (section 23),Controlled drugs,Nothing found - no further action,,
Person search,2018-01-22T18:35:00+00:00,,,52.659413,-1.164384,Male,25-34,White - English/Welsh/Scottish/Northern Irish/British,White,Misuse of Drugs Act 1971 (section 23),Controlled drugs,Suspect arrested,,
Person search,2018-01-22T18:35:00+00:00,,,52.659413,-1.164384,Male,10-17,White - English/Welsh/Scottish/Northern Irish/British,White,Misuse of Drugs Act 1971 (section 23),Controlled drugs,Nothing found - no further action,,
Person search,2018-01-22T22:43:00+00:00,,,52.638971,-1.138233,Female,18-24,White - English/Welsh/Scottish/Northern Irish/British,White,Misuse of Drugs Act 1971 (section 23),Controlled drugs,Nothing found - no further action,,
Person search,2018-01-23T10:20:00+00:00,,,52.638565,-1.119636,Male,,Other ethnic group - Any other ethnic group,White,Misuse of Drugs Act 1971 (section 23),Controlled drugs,Nothing found - no further action,,
Person search,2018-01-23T13:05:00+00:00,,,52.781178,-1.226325,Male,,Other ethnic group - Not stated,Black,Misuse of Drugs Act 1971 (section 23),Controlled drugs,Suspect arrested,,
Person search,2018-01-23T13:10:00+00:00,,,52.781178,-1.226325,Male,18-24,Black/African/Caribbean/Black British - Caribbean,Black,Misuse of Drugs Act 1971 (section 23),Controlled drugs,Nothing found - no further action,,
Person search,2018-01-23T13:10:00+00:00,,,52.781178,-1.226325,Female,18-24,Other ethnic group - Not stated,Asian,Misuse of Drugs Act 1971 (section 23),Controlled drugs,Nothing found - no further action,,
Person search,2018-01-23T16:41:00+00:00,,,52.630016,-1.149209,Male,over 34,Other ethnic group - Not stated,White,Police and Criminal Evidence Act 1984 (section 1),Stolen goods,Nothing found - no further action,,
Person search,2018-01-23T16:41:00+00:00,,,52.630016,-1.149209,Male,18-24,Other ethnic group - Not stated,Asian,Police and Criminal Evidence Act 1984 (section 1),Offensive weapons,Nothing found - no further action,,
Person search,2018-01-24T03:50:00+00:00,,,52.637600,-1.135171,Male,25-34,Black/African/Caribbean/Black British - Any other Black/African/Caribbean background,Black,Police and Criminal Evidence Act 1984 (section 1),Offensive weapons,Suspect arrested,,
Person search,2018-01-24T12:30:00+00:00,,,52.639268,-1.107947,Male,25-34,Black/African/Caribbean/Black British - Caribbean,Black,Misuse of Drugs Act 1971 (section 23),Controlled drugs,Nothing found - no further action,,
Person search,2018-01-25T13:54:00+00:00,,,52.769441,-1.201173,Male,18-24,White - English/Welsh/Scottish/Northern Irish/British,White,Misuse of Drugs Act 1971 (section 23),Controlled drugs,Nothing found - no further action,,
Person search,2018-01-25T13:55:00+00:00,,,52.770082,-1.204259,Male,18-24,Mixed/Multiple ethnic groups - Any other Mixed/Multiple ethnic background,Black,Police and Criminal Evidence Act 1984 (section 1),Stolen goods,Nothing found - no further action,,
Person search,2018-01-25T16:00:00+00:00,,,52.633018,-1.113674,Male,,White - English/Welsh/Scottish/Northern Irish/British,White,Misuse of Drugs Act 1971 (section 23),Controlled drugs,Nothing found - no further action,,
Person search,2018-01-25T21:49:00+00:00,,,52.631628,-1.128581,Male,25-34,Asian/Asian British - Any other Asian background,Asian,Police and Criminal Evidence Act 1984 (section 1),Article for use in theft,Nothing found - no further action,,
Person search,2018-01-25T21:49:00+00:00,,,52.631628,-1.128581,Male,18-24,White - English/Welsh/Scottish/Northern Irish/British,White,Police and Criminal Evidence Act 1984 (section 1),Article for use in theft,Nothing found - no further action,,
Person search,2018-01-26T14:00:00+00:00,,,52.770082,-1.204259,Male,10-17,White - English/Welsh/Scottish/Northern Irish/British,White,Misuse of Drugs Act 1971 (section 23),Controlled drugs,Suspect arrested,,
Person search,2018-01-26T14:50:00+00:00,,,52.669052,-1.175011,Male,18-24,Mixed/Multiple ethnic groups - White and Black Caribbean,Black,Misuse of Drugs Act 1971 (section 23),Controlled drugs,Nothing found - no further action,,
Person search,2018-01-26T14:50:00+00:00,,,52.669052,-1.175011,Male,18-24,White - English/Welsh/Scottish/Northern Irish/British,White,Misuse of Drugs Act 1971 (section 23),Controlled drugs,Local resolution,,
Person search,2018-01-27T01:00:00+00:00,,,52.626534,-1.145096,Male,25-34,Asian/Asian British - Any other Asian background,Asian,Misuse of Drugs Act 1971 (section 23),Stolen goods,Nothing found - no further action,,
Person search,2018-01-27T01:10:00+00:00,,,52.626534,-1.145096,Male,25-34,Black/African/Caribbean/Black British - Any other Black/African/Caribbean background,Black,Misuse of Drugs Act 1971 (section 23),Controlled drugs,Local resolution,,
Person search,2018-01-27T10:00:00+00:00,,,52.660809,-1.166103,Male,over 34,Asian/Asian British - Any other Asian background,Asian,Misuse of Drugs Act 1971 (section 23),Controlled drugs,Local resolution,,
Person search,2018-01-27T11:25:00+00:00,,,52.632003,-1.119753,Male,over 34,White - English/Welsh/Scottish/Northern Irish/British,White,Police and Criminal Evidence Act 1984 (section 1),Stolen goods,Nothing found - no further action,,
Person search,2018-01-27T11:35:00+00:00,,,52.631471,-1.119512,Male,over 34,Asian/Asian British - Indian,Asian,Police and Criminal Evidence Act 1984 (section 1),Stolen goods,Nothing found - no further action,,
Person search,2018-01-27T12:05:00+00:00,,,52.636256,-1.125933,Male,25-34,White - English/Welsh/Scottish/Northern Irish/British,White,Misuse of Drugs Act 1971 (section 23),Controlled drugs,Suspect arrested,,
Person search,2018-01-27T16:00:00+00:00,,,52.493908,-1.194493,Male,25-34,Black/African/Caribbean/Black British - Any other Black/African/Caribbean background,White,Misuse of Drugs Act 1971 (section 23),Controlled drugs,Nothing found - no further action,,
Person search,2018-01-27T16:10:00+00:00,,,52.493908,-1.194493,Male,18-24,White - English/Welsh/Scottish/Northern Irish/British,White,Misuse of Drugs Act 1971 (section 23),Controlled drugs,Offender given drugs possession warning,,
Person search,2018-01-27T16:10:00+00:00,,,52.493908,-1.194493,Male,18-24,White - English/Welsh/Scottish/Northern Irish/British,White,Misuse of Drugs Act 1971 (section 23),Controlled drugs,Offender given drugs possession warning,,
Person search,2018-01-27T19:15:00+00:00,,,52.668239,-1.148985,Male,25-34,White - English/Welsh/Scottish/Northern Irish/British,White,Misuse of Drugs Act 1971 (section 23),Controlled drugs,Nothing found - no further action,,
Person search,2018-01-28T00:10:00+00:00,,,52.592404,-1.068317,Male,18-24,Asian/Asian British - Any other Asian background,Asian,Misuse of Drugs Act 1971 (section 23),Controlled drugs,Nothing found - no further action,,
Person search,2018-01-28T00:10:00+00:00,,,52.588324,-1.061658,Male,18-24,Other ethnic group - Not stated,Black,Police and Criminal Evidence Act 1984 (section 1),Controlled drugs,Nothing found - no further action,,
Person search,2018-01-28T00:10:00+00:00,,,52.585595,-1.058794,Male,18-24,Other ethnic group - Not stated,Asian,Police and Criminal Evidence Act 1984 (section 1),Controlled drugs,Nothing found - no further action,,
Person search,2018-01-28T04:45:00+00:00,,,52.604915,-1.099254,Male,25-34,White - English/Welsh/Scottish/Northern Irish/British,White,Police and Criminal Evidence Act 1984 (section 1),Article for use in theft,Nothing found - no further action,,
Person search,2018-01-28T18:10:00+00:00,,,52.657267,-1.164854,Male,25-34,Mixed/Multiple ethnic groups - White and Black Caribbean,Black,Police and Criminal Evidence Act 1984 (section 1),Stolen goods,Nothing found - no further action,,
Person search,2018-01-28T18:50:00+00:00,,,52.670157,-1.107747,Male,,Asian/Asian British - Any other Asian background,Asian,Misuse of Drugs Act 1971 (section 23),Controlled drugs,Nothing found - no further action,,
Person search,2018-01-28T18:50:00+00:00,,,52.670157,-1.107747,Male,,Asian/Asian British - Any other Asian background,Asian,Misuse of Drugs Act 1971 (section 23),Controlled drugs,Nothing found - no further action,,
Person search,2018-01-28T19:15:00+00:00,,,52.670157,-1.107747,Female,18-24,Asian/Asian British - Indian,Asian,Misuse of Drugs Act 1971 (section 23),Controlled drugs,Nothing found - no further action,,
Person search,2018-01-28T20:38:00+00:00,,,52.769572,-1.197865,Male,25-34,White - English/Welsh/Scottish/Northern Irish/British,White,Police and Criminal Evidence Act 1984 (section 1),Stolen goods,Nothing found - no further action,,
Person search,2018-01-28T20:45:00+00:00,,,52.769572,-1.197865,Male,over 34,White - English/Welsh/Scottish/Northern Irish/British,White,Police and Criminal Evidence Act 1984 (section 1),Stolen goods,Nothing found - no further action,,
Person search,2018-01-28T21:20:00+00:00,,,52.638452,-1.128697,Male,over 34,Other ethnic group - Not stated,Asian,Misuse of Drugs Act 1971 (section 23),Controlled drugs,Nothing found - no further action,,
Person search,2018-01-28T23:05:00+00:00,,,52.662429,-1.139842,Male,10-17,Mixed/Multiple ethnic groups - White and Black African,Black,Misuse of Drugs Act 1971 (section 23),Controlled drugs,Nothing found - no further action,,
Person search,2018-01-28T23:05:00+00:00,,,52.662429,-1.139842,Male,18-24,Black/African/Caribbean/Black British - Caribbean,Black,Misuse of Drugs Act 1971 (section 23),Controlled drugs,Nothing found - no further action,,
Person search,2018-01-28T23:05:00+00:00,,,52.662429,-1.139842,Male,over 34,Asian/Asian British - Indian,Asian,Misuse of Drugs Act 1971 (section 23),Controlled drugs,Nothing found - no further action,,
Person search,2018-01-29T16:10:00+00:00,,,52.493908,-1.194493,Male,18-24,White - English/Welsh/Scottish/Northern Irish/British,White,Misuse of Drugs Act 1971 (section 23),Controlled drugs,Nothing found - no further action,,
Person search,2018-01-29T19:33:00+00:00,,,52.639626,-1.130639,Male,over 34,Black/African/Caribbean/Black British - Any other Black/African/Caribbean background,Black,Police and Criminal Evidence Act 1984 (section 1),Stolen goods,Nothing found - no further action,,
Person search,2018-01-29T21:15:00+00:00,,,52.685287,-1.276720,Female,over 34,White - English/Welsh/Scottish/Northern Irish/British,White,Misuse of Drugs Act 1971 (section 23),Controlled drugs,Nothing found - no further action,,
Person search,2018-01-29T23:00:00+00:00,,,52.662429,-1.139842,Male,18-24,Black/African/Caribbean/Black British - African,Black,Misuse of Drugs Act 1971 (section 23),Controlled drugs,Suspect arrested,,
Person search,2018-01-30T00:35:00+00:00,,,52.771945,-1.205826,Male,18-24,Other ethnic group - Not stated,Black,Police and Criminal Evidence Act 1984 (section 1),Stolen goods,Nothing found - no further action,,
Person search,2018-01-30T00:40:00+00:00,,,52.771945,-1.205826,Male,18-24,White - English/Welsh/Scottish/Northern Irish/British,White,Police and Criminal Evidence Act 1984 (section 1),Stolen goods,Nothing found - no further action,,
Person search,2018-01-30T01:10:00+00:00,,,52.581742,-1.092689,Male,18-24,White - English/Welsh/Scottish/Northern Irish/British,White,Misuse of Drugs Act 1971 (section 23),Controlled drugs,Offender given drugs possession warning,,
Person search,2018-01-30T18:24:00+00:00,,,52.770082,-1.204259,Male,25-34,White - English/Welsh/Scottish/Northern Irish/British,White,Misuse of Drugs Act 1971 (section 23),Controlled drugs,Local resolution,,
Person search,2018-01-30T19:20:00+00:00,,,52.774894,-1.220789,Male,18-24,White - English/Welsh/Scottish/Northern Irish/British,White,Misuse of Drugs Act 1971 (section 23),Controlled drugs,Nothing found - no further action,,
Person search,2018-01-30T19:20:00+00:00,,,52.774894,-1.220789,Male,18-24,White - English/Welsh/Scottish/Northern Irish/British,White,Misuse of Drugs Act 1971 (section 23),Controlled drugs,Local resolution,,
Person search,2018-01-31T02:50:00+00:00,,,52.632993,-1.129633,Female,over 34,White - English/Welsh/Scottish/Northern Irish/British,White,Police and Criminal Evidence Act 1984 (section 1),Stolen goods,Suspect arrested,,
Person search,2018-01-31T12:00:00+00:00,,,52.632887,-1.131127,Male,25-34,White - English/Welsh/Scottish/Northern Irish/British,White,Police and Criminal Evidence Act 1984 (section 1),Offensive weapons,Nothing found - no further action,,
Person search,2018-01-31T15:30:00+00:00,,,52.645022,-1.177532,Male,10-17,Black/African/Caribbean/Black British - African,Black,Police and Criminal Evidence Act 1984 (section 1),Offensive weapons,Nothing found - no further action,,
Person search,2018-01-31T21:30:00+00:00,,,52.625319,-1.397858,Male,18-24,White - English/Welsh/Scottish/Northern Irish/British,White,Misuse of Drugs Act 1971 (section 23),Controlled drugs,Nothing found - no further action,,
Person search,2018-01-31T21:41:00+00:00,,,52.625319,-1.397858,Male,18-24,White - English/Welsh/Scottish/Northern Irish/British,White,Misuse of Drugs Act 1971 (section 23),Controlled drugs,Local resolution,,
