Type,Date,Part of a policing operation,Policing operation,Latitude,Longitude,Gender,Age range,Self-defined ethnicity,Officer-defined ethnicity,Legislation,Object of search,Outcome,Outcome linked to object of search,Removal of more than just outer clothing
Person search,2019-11-01T00:01:00+00:00,,,52.645489,-1.068151,Male,18-24,Asian/Asian British - Any other Asian background,Asian,Misuse of Drugs Act 1971 (section 23),Controlled drugs,Community resolution,,False
Person search,2019-11-01T16:01:00+00:00,,,52.646802,-1.056830,Male,10-17,Black/African/Caribbean/Black British - African,Black,Police and Criminal Evidence Act 1984 (section 1),Offensive weapons,A no further action disposal,,False
Person and Vehicle search,2019-11-01T19:28:00+00:00,,,52.770012,-1.203193,Male,25-34,White - Irish,White,Police and Criminal Evidence Act 1984 (section 1),Article for use in theft,Arrest,,False
Person search,2019-11-01T20:44:00+00:00,,,52.626100,-1.115350,Male,18-24,Other ethnic group - Not stated,Black,Police and Criminal Evidence Act 1984 (section 1),Offensive weapons,A no further action disposal,,False
Person and Vehicle search,2019-11-01T22:13:00+00:00,,,52.653967,-1.063698,Male,18-24,Asian/Asian British - Indian,Asian,Misuse of Drugs Act 1971 (section 23),Controlled drugs,Community resolution,,False
Person search,2019-11-01T23:05:00+00:00,,,52.652222,-1.199792,Male,10-17,White - English/Welsh/Scottish/Northern Irish/British,White,Police and Criminal Evidence Act 1984 (section 1),Offensive weapons,A no further action disposal,,False
Person search,2019-11-01T23:07:00+00:00,,,52.652222,-1.199792,Male,10-17,White - English/Welsh/Scottish/Northern Irish/British,White,Police and Criminal Evidence Act 1984 (section 1),Offensive weapons,A no further action disposal,,False
Person search,2019-11-01T23:19:00+00:00,,,52.627335,-1.114705,Male,10-17,Other ethnic group - Not stated,Black,Police and Criminal Evidence Act 1984 (section 1),Controlled drugs,A no further action disposal,,False
Person search,2019-11-02T00:20:00+00:00,,,52.652222,-1.199792,Male,10-17,White - English/Welsh/Scottish/Northern Irish/British,White,Police and Criminal Evidence Act 1984 (section 1),Offensive weapons,A no further action disposal,,False
Person and Vehicle search,2019-11-02T01:12:00+00:00,,,52.620842,-1.131306,Male,18-24,Black/African/Caribbean/Black British - African,Black,Misuse of Drugs Act 1971 (section 23),Controlled drugs,A no further action disposal,,False
Person search,2019-11-02T16:39:00+00:00,,,52.631166,-1.145493,Male,25-34,Other ethnic group - Not stated,Asian,Misuse of Drugs Act 1971 (section 23),Controlled drugs,A no further action disposal,,False
Person search,2019-11-02T20:13:00+00:00,,,52.646555,-1.070005,Male,18-24,White - English/Welsh/Scottish/Northern Irish/British,White,Misuse of Drugs Act 1971 (section 23),Controlled drugs,Community resolution,,False
Person search,2019-11-02T20:22:00+00:00,,,52.646555,-1.070005,Male,18-24,White - English/Welsh/Scottish/Northern Irish/British,White,Misuse of Drugs Act 1971 (section 23),Controlled drugs,Community resolution,,False
Person and Vehicle search,2019-11-02T22:30:00+00:00,,,52.553923,-1.380945,Male,10-17,White - English/Welsh/Scottish/Northern Irish/British,White,Misuse of Drugs Act 1971 (section 23),Controlled drugs,A no further action disposal,,False
Person and Vehicle search,2019-11-02T23:15:00+00:00,,,52.541743,-1.369306,Male,18-24,White - English/Welsh/Scottish/Northern Irish/British,White,Misuse of Drugs Act 1971 (section 23),Controlled drugs,A no further action disposal,,False
Person search,2019-11-02T23:15:00+00:00,,,52.541743,-1.369306,Male,18-24,White - English/Welsh/Scottish/Northern Irish/British,White,Misuse of Drugs Act 1971 (section 23),Controlled drugs,A no further action disposal,,False
Person search,2019-11-03T03:43:00+00:00,,,52.548537,-1.384074,Male,10-17,White - English/Welsh/Scottish/Northern Irish/British,White,Misuse of Drugs Act 1971 (section 23),Controlled drugs,A no further action disposal,,False
Person and Vehicle search,2019-11-03T17:50:00+00:00,,,52.679995,-1.115401,Male,25-34,White - English/Welsh/Scottish/Northern Irish/British,White,Misuse of Drugs Act 1971 (section 23),Controlled drugs,Community resolution,,False
Person and Vehicle search,2019-11-04T09:13:00+00:00,,,52.652687,-1.070008,Male,18-24,Asian/Asian British - Indian,Asian,Misuse of Drugs Act 1971 (section 23),Controlled drugs,Community resolution,,False
Person search,2019-11-04T09:44:00+00:00,,,52.640650,-1.198171,Male,25-34,White - Any other White background,White,Police and Criminal Evidence Act 1984 (section 1),Article for use in theft,A no further action disposal,,False
Person search,2019-11-04T20:06:00+00:00,,,52.594144,-1.139127,Male,10-17,White - English/Welsh/Scottish/Northern Irish/British,White,Police and Criminal Evidence Act 1984 (section 1),Article for use in theft,A no further action disposal,,False
Person and Vehicle search,2019-11-05T22:22:00+00:00,,,52.599115,-1.130452,Female,18-24,Asian/Asian British - Indian,Asian,Misuse of Drugs Act 1971 (section 23),Controlled drugs,A no further action disposal,,False
Person search,2019-11-05T22:29:00+00:00,,,52.599115,-1.130452,Male,18-24,Black/African/Caribbean/Black British - Caribbean,Black,Misuse of Drugs Act 1971 (section 23),Controlled drugs,A no further action disposal,,False
Person search,2019-11-05T22:31:00+00:00,,,52.699548,-1.095147,Male,25-34,White - Any other White background,White,Police and Criminal Evidence Act 1984 (section 1),Article for use in theft,Arrest,,False
Person search,2019-11-07T02:20:00+00:00,,,52.742107,-0.891847,Female,10-17,White - English/Welsh/Scottish/Northern Irish/British,White,Misuse of Drugs Act 1971 (section 23),Controlled drugs,A no further action disposal,,False
Person and Vehicle search,2019-11-07T05:48:00+00:00,,,52.726396,-1.246233,Male,18-24,White - English/Welsh/Scottish/Northern Irish/British,White,Misuse of Drugs Act 1971 (section 23),Controlled drugs,A no further action disposal,,False
Person and Vehicle search,2019-11-07T14:30:00+00:00,,,52.660830,-1.100116,Male,25-34,Black/African/Caribbean/Black British - African,Black,Misuse of Drugs Act 1971 (section 23),Controlled drugs,Arrest,,False
Person search,2019-11-08T22:26:00+00:00,,,52.736078,-1.151604,Male,10-17,White - English/Welsh/Scottish/Northern Irish/British,White,Misuse of Drugs Act 1971 (section 23),Controlled drugs,A no further action disposal,,False
Person search,2019-11-08T22:40:00+00:00,,,52.736078,-1.151604,Male,10-17,White - English/Welsh/Scottish/Northern Irish/British,White,Misuse of Drugs Act 1971 (section 23),Controlled drugs,A no further action disposal,,False
Person search,2019-11-08T22:40:00+00:00,,,52.620394,-1.114564,Male,25-34,Asian/Asian British - Bangladeshi,Asian,Misuse of Drugs Act 1971 (section 23),Controlled drugs,A no further action disposal,,False
Person search,2019-11-09T02:17:00+00:00,,,52.620388,-1.159367,Male,18-24,White - English/Welsh/Scottish/Northern Irish/British,White,Misuse of Drugs Act 1971 (section 23),Controlled drugs,A no further action disposal,,False
Person search,2019-11-09T05:18:00+00:00,,,52.553923,-1.380945,Female,18-24,White - English/Welsh/Scottish/Northern Irish/British,White,Misuse of Drugs Act 1971 (section 23),Controlled drugs,A no further action disposal,,False
Person search,2019-11-09T06:51:00+00:00,,,52.574322,-1.317222,Male,25-34,White - English/Welsh/Scottish/Northern Irish/British,White,Misuse of Drugs Act 1971 (section 23),Controlled drugs,Arrest,False,False
Person search,2019-11-09T17:15:00+00:00,,,52.620388,-1.159367,Female,over 34,White - English/Welsh/Scottish/Northern Irish/British,White,Misuse of Drugs Act 1971 (section 23),Controlled drugs,A no further action disposal,,False
Person search,2019-11-09T21:50:00+00:00,,,52.620053,-1.141500,Male,25-34,White - English/Welsh/Scottish/Northern Irish/British,White,Police and Criminal Evidence Act 1984 (section 1),Controlled drugs,A no further action disposal,,False
Person search,2019-11-10T00:08:00+00:00,,,52.652687,-1.070008,Male,18-24,Other ethnic group - Not stated,Asian,Misuse of Drugs Act 1971 (section 23),Controlled drugs,A no further action disposal,,False
Person search,2019-11-10T00:51:00+00:00,,,52.652687,-1.070008,Male,18-24,Other ethnic group - Not stated,Asian,Misuse of Drugs Act 1971 (section 23),Controlled drugs,A no further action disposal,,False
Person and Vehicle search,2019-11-10T01:55:00+00:00,,,52.593721,-1.187424,Male,over 34,White - English/Welsh/Scottish/Northern Irish/British,White,Misuse of Drugs Act 1971 (section 23),Controlled drugs,Community resolution,,False
Person search,2019-11-10T05:23:00+00:00,,,52.632887,-1.131127,Female,over 34,White - English/Welsh/Scottish/Northern Irish/British,White,Police and Criminal Evidence Act 1984 (section 1),Article for use in theft,Community resolution,True,False
Person search,2019-11-10T22:37:00+00:00,,,52.582052,-1.103899,Female,10-17,Asian/Asian British - Any other Asian background,Asian,Firearms Act 1968 (section 47),Firearms,A no further action disposal,,False
Person search,2019-11-10T22:54:00+00:00,,,52.582052,-1.103899,Female,,Asian/Asian British - Any other Asian background,Asian,Firearms Act 1968 (section 47),Firearms,A no further action disposal,,False
Person search,2019-11-11T02:01:00+00:00,,,52.530232,-1.361835,Male,18-24,White - English/Welsh/Scottish/Northern Irish/British,White,Misuse of Drugs Act 1971 (section 23),Controlled drugs,A no further action disposal,,False
Person search,2019-11-13T03:32:00+00:00,,,52.627982,-1.203337,Male,25-34,White - English/Welsh/Scottish/Northern Irish/British,White,Police and Criminal Evidence Act 1984 (section 1),Stolen goods,Arrest,,False
Person search,2019-11-14T03:50:00+00:00,,,52.752952,-1.141690,Male,18-24,Other ethnic group - Not stated,White,Police and Criminal Evidence Act 1984 (section 1),Offensive weapons,A no further action disposal,,False
Person search,2019-11-14T18:34:00+00:00,,,52.634407,-1.133653,Male,25-34,Other ethnic group - Not stated,White,Misuse of Drugs Act 1971 (section 23),Psychoactive substances,A no further action disposal,,False
Person search,2019-11-15T13:06:00+00:00,,,52.624710,-1.182153,Male,over 34,Other ethnic group - Not stated,Black,Police and Criminal Evidence Act 1984 (section 1),Article for use in theft,A no further action disposal,,False
Person search,2019-11-15T21:00:00+00:00,,,52.639770,-1.112444,Male,18-24,Black/African/Caribbean/Black British - African,Black,Misuse of Drugs Act 1971 (section 23),Controlled drugs,Community resolution,,False
Person search,2019-11-15T22:27:00+00:00,,,52.639770,-1.112444,Male,18-24,Black/African/Caribbean/Black British - African,Black,Misuse of Drugs Act 1971 (section 23),Controlled drugs,Community resolution,,False
Person search,2019-11-15T23:54:00+00:00,,,52.769098,-1.207627,Male,18-24,Other ethnic group - Not stated,White,Police and Criminal Evidence Act 1984 (section 1),Offensive weapons,A no further action disposal,,False
Person search,2019-11-16T19:59:00+00:00,,,52.596936,-1.121430,Male,18-24,Asian/Asian British - Indian,Asian,Misuse of Drugs Act 1971 (section 23),Controlled drugs,A no further action disposal,,False
Person search,2019-11-17T07:31:00+00:00,,,52.630820,-1.159847,Male,18-24,Other ethnic group - Not stated,Black,Misuse of Drugs Act 1971 (section 23),Controlled drugs,A no further action disposal,,False
Person search,2019-11-18T13:32:00+00:00,,,52.584767,-1.105098,Male,18-24,Asian/Asian British - Indian,Asian,Misuse of Drugs Act 1971 (section 23),Controlled drugs,A no further action disposal,,False
Person search,2019-11-18T20:34:00+00:00,,,52.740264,-1.367126,Male,10-17,White - English/Welsh/Scottish/Northern Irish/British,White,Misuse of Drugs Act 1971 (section 23),Controlled drugs,A no further action disposal,,False
Person and Vehicle search,2019-11-20T05:08:00+00:00,,,52.574500,-1.334218,Male,over 34,White - English/Welsh/Scottish/Northern Irish/British,White,Police and Criminal Evidence Act 1984 (section 1),Stolen goods,A no further action disposal,,False
Person search,2019-11-20T08:44:00+00:00,,,52.631611,-1.122612,Female,25-34,Other ethnic group - Not stated,White,Misuse of Drugs Act 1971 (section 23),Controlled drugs,A no further action disposal,,False
Person and Vehicle search,2019-11-21T15:06:00+00:00,,,52.763867,-1.195717,Male,18-24,White - English/Welsh/Scottish/Northern Irish/British,White,Misuse of Drugs Act 1971 (section 23),Controlled drugs,A no further action disposal,,False
Person search,2019-11-21T15:14:00+00:00,,,52.633414,-1.131841,Male,25-34,White - English/Welsh/Scottish/Northern Irish/British,White,Misuse of Drugs Act 1971 (section 23),Controlled drugs,A no further action disposal,,False
Person search,2019-11-22T20:13:00+00:00,,,52.539083,-1.374416,Male,10-17,White - English/Welsh/Scottish/Northern Irish/British,White,Misuse of Drugs Act 1971 (section 23),Controlled drugs,A no further action disposal,,False
Person search,2019-11-22T21:41:00+00:00,,,52.539539,-1.375825,Female,10-17,White - English/Welsh/Scottish/Northern Irish/British,White,Misuse of Drugs Act 1971 (section 23),Controlled drugs,A no further action disposal,,False
Person search,2019-11-22T21:57:00+00:00,,,52.539539,-1.375825,Female,10-17,White - English/Welsh/Scottish/Northern Irish/British,White,Misuse of Drugs Act 1971 (section 23),Controlled drugs,A no further action disposal,,False
Person and Vehicle search,2019-11-23T01:00:00+00:00,,,52.742107,-0.891847,Male,18-24,White - English/Welsh/Scottish/Northern Irish/British,White,Misuse of Drugs Act 1971 (section 23),Controlled drugs,A no further action disposal,,False
Person and Vehicle search,2019-11-23T02:04:00+00:00,,,52.638293,-1.115784,Male,25-34,Other ethnic group - Not stated,Asian,Misuse of Drugs Act 1971 (section 23),Controlled drugs,A no further action disposal,,False
Person search,2019-11-23T22:08:00+00:00,,,52.643195,-1.129430,Male,18-24,Other ethnic group - Not stated,Black,Misuse of Drugs Act 1971 (section 23),Controlled drugs,A no further action disposal,,False
Person and Vehicle search,2019-11-23T22:55:00+00:00,,,52.531798,-1.399978,Male,18-24,White - English/Welsh/Scottish/Northern Irish/British,White,Misuse of Drugs Act 1971 (section 23),Controlled drugs,A no further action disposal,,False
Person search,2019-11-23T23:17:00+00:00,,,52.643195,-1.129430,Male,18-24,Other ethnic group - Not stated,Black,Misuse of Drugs Act 1971 (section 23),Controlled drugs,A no further action disposal,,False
Person search,2019-11-24T00:45:00+00:00,,,52.616428,-1.096521,Male,25-34,Other ethnic group - Not stated,Black,Misuse of Drugs Act 1971 (section 23),Controlled drugs,A no further action disposal,,False
Person search,2019-11-24T11:18:00+00:00,,,52.615943,-1.132600,Male,18-24,Other ethnic group - Not stated,Black,Misuse of Drugs Act 1971 (section 23),Controlled drugs,A no further action disposal,,True
Person and Vehicle search,2019-11-24T16:21:00+00:00,,,52.522264,-1.364677,Male,18-24,Other ethnic group - Not stated,White,Police and Criminal Evidence Act 1984 (section 1),Stolen goods,A no further action disposal,,False
Person and Vehicle search,2019-11-24T16:57:00+00:00,,,52.586109,-1.106606,Male,18-24,Asian/Asian British - Indian,Asian,Misuse of Drugs Act 1971 (section 23),Controlled drugs,Community resolution,,False
Person and Vehicle search,2019-11-24T17:46:00+00:00,,,52.552490,-1.394062,Male,25-34,Black/African/Caribbean/Black British - Caribbean,Black,Misuse of Drugs Act 1971 (section 23),Controlled drugs,A no further action disposal,,True
Person and Vehicle search,2019-11-24T18:31:00+00:00,,,52.549381,-1.394370,Male,18-24,White - English/Welsh/Scottish/Northern Irish/British,White,Misuse of Drugs Act 1971 (section 23),Controlled drugs,A no further action disposal,,True
Person search,2019-11-24T20:26:00+00:00,,,52.629293,-1.144983,Male,10-17,White - Any other White background,White,Misuse of Drugs Act 1971 (section 23),Controlled drugs,A no further action disposal,,False
Person search,2019-11-25T05:57:00+00:00,,,52.616346,-1.097572,Male,25-34,White - English/Welsh/Scottish/Northern Irish/British,White,Police and Criminal Evidence Act 1984 (section 1),Stolen goods,Arrest,,False
Person search,2019-11-25T14:21:00+00:00,,,52.604654,-1.147884,Male,over 34,Other ethnic group - Not stated,Asian,Misuse of Drugs Act 1971 (section 23),Controlled drugs,Community resolution,,False
Person and Vehicle search,2019-11-25T23:49:00+00:00,,,52.620362,-1.117490,Male,25-34,Asian/Asian British - Indian,Asian,Misuse of Drugs Act 1971 (section 23),Controlled drugs,Community resolution,,False
Person and Vehicle search,2019-11-26T03:25:00+00:00,,,52.544186,-1.373960,Male,18-24,White - English/Welsh/Scottish/Northern Irish/British,White,Misuse of Drugs Act 1971 (section 23),Controlled drugs,A no further action disposal,,False
Person search,2019-11-26T12:18:00+00:00,,,52.633414,-1.131841,Male,25-34,White - English/Welsh/Scottish/Northern Irish/British,White,Misuse of Drugs Act 1971 (section 23),Controlled drugs,A no further action disposal,,False
Person and Vehicle search,2019-11-26T23:50:00+00:00,,,52.538033,-1.383351,Male,over 34,Other ethnic group - Not stated,White,Police and Criminal Evidence Act 1984 (section 1),Stolen goods,A no further action disposal,,False
Person and Vehicle search,2019-11-27T01:22:00+00:00,,,52.632977,-1.136001,Male,18-24,Other ethnic group - Not stated,White,Police and Criminal Evidence Act 1984 (section 1),Offensive weapons,Community resolution,False,False
Person and Vehicle search,2019-11-27T11:36:00+00:00,,,52.613217,-1.255282,Male,,White - Any other White background,White,Police and Criminal Evidence Act 1984 (section 1),Stolen goods,A no further action disposal,,False
Person search,2019-11-27T20:05:00+00:00,,,52.646277,-1.203374,Male,18-24,White - English/Welsh/Scottish/Northern Irish/British,White,Misuse of Drugs Act 1971 (section 23),Controlled drugs,A no further action disposal,,False
Person and Vehicle search,2019-11-27T20:05:00+00:00,,,52.646277,-1.203374,Male,18-24,White - English/Welsh/Scottish/Northern Irish/British,White,Misuse of Drugs Act 1971 (section 23),Controlled drugs,Khat or Cannabis warning,,False
Person and Vehicle search,2019-11-27T20:13:00+00:00,,,52.646277,-1.203374,Male,18-24,White - English/Welsh/Scottish/Northern Irish/British,White,Misuse of Drugs Act 1971 (section 23),Controlled drugs,Community resolution,,False
Person search,2019-11-27T21:36:00+00:00,,,52.641932,-1.123898,Male,10-17,Black/African/Caribbean/Black British - African,Black,Police and Criminal Evidence Act 1984 (section 1),Offensive weapons,A no further action disposal,,False
Person and Vehicle search,2019-11-27T21:40:00+00:00,,,52.603116,-1.086208,Female,18-24,White - English/Welsh/Scottish/Northern Irish/British,White,Misuse of Drugs Act 1971 (section 23),Controlled drugs,A no further action disposal,,False
Person and Vehicle search,2019-11-30T00:24:00+00:00,,,52.646797,-1.124097,Male,18-24,Other ethnic group - Not stated,Asian,Misuse of Drugs Act 1971 (section 23),Controlled drugs,Community resolution,,False
Person search,2019-11-30T06:37:00+00:00,,,52.635767,-1.135267,Male,18-24,Other ethnic group - Not stated,White,Misuse of Drugs Act 1971 (section 23),Controlled drugs,A no further action disposal,,False
